StockID,StockName,Date,OpeningPrice,ClosingPrice,Volume,MarketCap,PE_Ratio,DividendYield,Sector
1,Stock_1,2024-03-17,403.21,186.7,143175,650540204538.62,16.64,0.81,Healthcare
2,Stock_2,2024-02-11,395.96,377.7,201937,755740452782.7,44.14,2.34,Healthcare
3,Stock_3,2024-09-21,244.89,150.91,493048,90325484303.82,16.04,4.98,Technology
4,Stock_4,2024-10-12,197.23,342.65,723463,389317541468.42,35.6,2.68,Healthcare
5,Stock_5,2024-02-10,397.5,439.9,856814,986642362836.08,44.91,1.49,Finance
6,Stock_6,2024-07-27,479.95,371.4,691700,843094272706.09,24.82,2.62,Consumer Goods
7,Stock_7,2024-04-10,193.06,178.91,473860,746067566080.98,26.97,4.64,Healthcare
8,Stock_8,2024-06-04,388.48,335.7,169313,57233187102.74,9.08,4.52,Consumer Goods
9,Stock_9,2024-08-09,339.75,111.89,751134,13052643735.12,18.34,2.64,Energy
10,Stock_10,2024-02-02,397.38,,208593,652649542521.17,41.42,2.35,Technology
11,Stock_11,2024-05-21,384.3,146.6,160676,470785249981.98,25.63,3.36,Consumer Goods
12,Stock_12,2024-07-13,147.19,200.15,895816,13986869734.83,11.27,1.14,Consumer Goods
13,Stock_13,2024-02-10,321.06,236.0,309290,974933032839.95,24.0,2.5,Technology
14,Stock_14,2024-10-21,341.78,467.17,171577,965265883742.71,29.26,1.53,Technology
15,Stock_15,2024-08-16,471.85,255.99,670740,298248879582.55,30.25,3.04,Technology
16,Stock_16,2024-06-19,362.01,182.94,995109,700435012563.59,23.28,3.02,Technology
17,Stock_17,2024-08-01,144.04,317.48,806855,751884009213.57,39.92,3.57,Finance
18,Stock_18,2024-09-29,309.25,197.68,92484,413220559297.48,47.81,1.74,Finance
19,Stock_19,2024-01-10,455.49,323.23,350944,232957596889.59,16.72,1.67,Energy
20,Stock_20,2024-07-25,167.56,387.64,206843,953952958189.29,38.18,0.22,Consumer Goods
21,Stock_21,2024-08-18,221.92,293.94,564348,615395282702.09,24.13,4.74,Energy
22,Stock_22,2024-07-24,217.99,253.42,918468,562680382200.68,16.38,0.53,Energy
23,Stock_23,,273.96,385.88,140503,393140201164.59,31.36,4.85,Energy
24,Stock_24,2024-03-22,473.12,287.41,865762,348225619394.06,20.45,1.65,Consumer Goods
25,Stock_25,2023-11-27,438.6,403.59,484179,2698459948.84,45.82,3.23,Finance
26,Stock_26,2024-09-21,405.06,444.32,834060,331276094922.21,36.38,2.0,Finance
27,Stock_27,2024-05-05,139.18,201.85,117200,45079060993.7,6.69,3.6,Healthcare
28,Stock_28,2024-10-27,341.33,320.34,174382,905246828432.33,36.15,0.58,Finance
29,Stock_29,2024-10-12,176.05,473.45,552647,762784303378.33,26.86,4.69,Consumer Goods
30,Stock_30,2024-09-30,113.04,378.33,83561,777171339434.54,21.81,3.15,Consumer Goods
31,Stock_31,2024-01-09,157.25,355.11,691269,818967637107.85,41.56,0.57,Finance
32,Stock_32,2024-07-22,344.05,325.22,876998,884563571239.99,41.55,4.66,Healthcare
33,Stock_33,2024-02-26,106.72,119.86,844970,607173582373.73,17.36,4.41,Energy
34,Stock_34,2024-01-23,239.12,199.56,279208,529089132294.15,16.07,3.81,Energy
35,Stock_35,2024-08-19,282.04,386.93,753802,667350723989.81,14.81,1.56,Healthcare
36,Stock_36,2024-09-19,304.78,190.91,632046,590455414308.31,32.41,3.2,Finance
37,Stock_37,2024-05-14,465.95,300.82,962742,318021946221.0,32.8,1.61,Technology
38,Stock_38,2024-04-08,102.57,277.75,907589,337960664462.3,30.94,0.75,Healthcare
39,Stock_39,2024-08-10,392.52,468.36,410684,619674692669.33,26.12,3.93,Consumer Goods
40,Stock_40,2024-04-07,391.7,401.76,642394,941421800740.13,22.83,2.33,Technology
41,Stock_41,2023-12-16,282.25,360.75,531769,306137547571.06,26.26,3.59,Consumer Goods
42,Stock_42,2024-05-22,251.75,324.31,123761,268699764433.4,10.67,0.96,Energy
43,Stock_43,2024-10-07,330.32,103.41,405423,519648685642.24,36.42,0.29,Technology
44,Stock_44,2024-04-11,427.68,277.78,724124,340708697823.65,20.16,4.14,Finance
45,Stock_45,2024-05-04,433.71,482.0,381289,898467733243.88,29.6,0.17,Technology
46,Stock_46,2024-08-14,270.91,421.75,556350,598836835668.0,43.76,3.99,Healthcare
47,Stock_47,2024-07-13,110.62,122.67,669527,66162315475.66,30.28,4.61,Energy
48,Stock_48,2024-10-27,286.0,105.11,829775,241514536043.09,27.28,1.84,Energy
49,Stock_49,2024-03-09,170.48,138.85,214783,462747220022.28,13.28,3.03,Healthcare
50,Stock_50,2024-02-01,479.24,394.18,545373,240630685043.11,8.8,2.51,Consumer Goods
51,Stock_51,2024-10-12,372.65,270.81,265854,314074670839.55,6.34,2.29,Healthcare
52,Stock_52,2024-09-10,467.69,461.41,778554,900508265322.78,21.85,0.55,Healthcare
53,Stock_53,2024-08-14,349.09,373.46,995135,200132234538.25,40.3,3.85,Healthcare
54,Stock_54,2024-04-28,176.42,299.19,655489,714265279715.55,46.44,0.81,Healthcare
55,Stock_55,2024-05-20,241.93,319.4,69885,927760328385.63,20.8,1.71,Energy
56,Stock_56,2023-12-26,227.88,327.42,193185,790591098198.3,5.58,3.97,Energy
57,Stock_57,2023-11-30,207.1,377.03,99315,902039780678.44,48.15,0.18,Healthcare
58,Stock_58,2023-11-28,434.96,348.74,962164,786243592293.82,41.69,3.46,Consumer Goods
59,Stock_59,2024-01-02,442.16,453.23,546060,630661211874.29,46.09,2.16,Healthcare
60,Stock_60,2024-02-08,219.85,260.25,101314,478243145305.99,43.05,3.95,Healthcare
61,Stock_61,2024-07-22,211.14,296.98,315467,641472958791.88,33.51,4.65,Consumer Goods
62,Stock_62,2024-02-17,124.39,298.19,458943,737333343416.8,20.59,4.84,Consumer Goods
63,Stock_63,2024-10-22,243.2,185.99,99278,742247292304.32,31.59,0.86,Consumer Goods
64,Stock_64,2024-11-02,342.8,121.54,429056,880084949719.9,23.22,2.32,Energy
65,Stock_65,2024-06-10,458.43,408.9,303253,204554965034.77,41.7,1.1,Technology
66,Stock_66,2024-07-27,249.31,384.26,575840,73471132257.32,35.58,3.71,Technology
67,Stock_67,2024-02-10,138.48,473.68,396910,666919633987.85,44.64,2.42,Finance
68,Stock_68,2023-11-28,490.83,445.27,226304,667790156912.19,21.64,3.03,Technology
69,Stock_69,2024-01-26,162.26,380.08,424560,972024507943.06,25.56,0.4,Healthcare
70,Stock_70,2024-02-17,255.44,385.84,418435,883252728444.51,8.01,2.09,Consumer Goods
71,Stock_71,2024-10-20,426.61,138.18,411541,450454009983.02,14.84,2.28,Consumer Goods
72,Stock_72,2024-04-03,440.43,494.44,607154,159302529816.86,45.32,3.47,Healthcare
73,Stock_73,2024-03-17,323.69,496.35,336532,887015476904.52,47.63,3.52,Energy
74,Stock_74,2024-11-08,306.32,243.98,99443,807224111871.89,30.69,3.42,Healthcare
75,Stock_75,2024-08-16,499.51,284.54,114974,115950711718.61,5.85,2.69,Technology
76,Stock_76,2024-05-13,145.77,478.93,473604,404415806636.37,29.62,0.02,Energy
77,Stock_77,2024-05-09,175.62,148.01,159890,819997114056.39,35.67,3.59,Consumer Goods
78,Stock_78,2024-07-06,252.57,177.48,206731,582490313783.15,37.11,2.64,Healthcare
79,Stock_79,2024-10-26,248.65,184.99,381007,699600535362.02,11.36,0.2,Finance
80,Stock_80,2023-12-24,223.93,345.2,836820,288237135399.12,14.48,1.89,Consumer Goods
81,Stock_81,2024-06-04,460.68,443.1,859614,318810481948.95,43.12,4.46,Healthcare
82,Stock_82,2023-12-25,178.98,191.4,342472,763786923057.15,14.28,0.02,Finance
83,Stock_83,2024-06-11,387.52,329.46,46319,839096141391.63,48.78,2.42,Consumer Goods
84,Stock_84,2023-12-27,166.89,449.42,795957,925805431522.99,37.75,1.23,Consumer Goods
85,Stock_85,2023-11-19,414.41,142.45,876679,641160212184.75,23.92,0.46,Technology
86,Stock_86,2023-12-25,496.86,144.82,120116,527217920003.13,47.04,1.28,Consumer Goods
87,Stock_87,2024-02-15,287.72,412.65,169587,424970118940.81,46.36,3.48,Healthcare
88,Stock_88,2024-08-24,492.32,379.54,799311,794113460486.48,25.6,2.2,Healthcare
89,Stock_89,2024-07-21,144.32,426.69,893474,273731942847.4,8.72,4.96,Energy
90,Stock_90,2024-08-27,112.92,437.29,52826,76332908574.65,18.03,4.8,Finance
91,Stock_91,2024-08-28,381.84,386.17,547150,33378091807.1,49.79,1.12,Finance
92,Stock_92,2024-07-28,314.3,415.6,522733,835066271665.24,45.1,4.31,Healthcare
93,Stock_93,2024-04-16,188.04,471.76,582558,285515819381.77,18.28,4.8,Consumer Goods
94,Stock_94,2024-08-13,250.67,392.41,219747,369415337888.24,49.27,4.54,Finance
95,Stock_95,2024-07-24,291.68,238.07,632557,90665329998.15,19.83,2.89,Consumer Goods
96,Stock_96,2024-09-24,380.95,437.93,757888,643527039711.74,39.35,2.08,Finance
97,Stock_97,2024-05-09,149.22,443.21,889810,422776472019.31,12.42,3.99,Energy
98,Stock_98,2024-02-25,380.91,179.55,617589,710457631472.43,34.86,0.05,Healthcare
99,Stock_99,2024-01-05,443.72,207.34,520801,41055880672.37,42.31,2.31,Energy
100,Stock_100,2024-01-04,266.68,343.76,50275,634321301569.93,25.54,4.87,Finance
101,Stock_101,2024-07-01,205.93,122.03,90518,827564970383.16,7.19,3.31,Energy
102,Stock_102,2023-12-01,432.72,292.31,482860,196709909406.29,32.69,4.76,Energy
103,Stock_103,2024-09-21,365.95,309.08,649636,968638467353.34,28.22,1.62,Energy
104,Stock_104,2024-11-04,439.17,261.67,514607,217312107212.96,7.87,2.62,Consumer Goods
105,Stock_105,2023-11-21,393.86,126.93,54130,671040924884.7,26.91,4.85,Consumer Goods
106,Stock_106,2023-12-22,292.33,228.37,793679,302766162138.14,29.48,1.65,Technology
107,Stock_107,2024-10-24,128.43,423.77,503326,866352107122.83,25.13,0.04,Healthcare
108,Stock_108,2023-11-24,429.13,192.22,260150,514975474009.38,28.15,4.1,Healthcare
109,Stock_109,2024-01-03,451.02,485.42,176103,912944173548.32,24.01,0.4,Finance
110,Stock_110,2024-08-07,116.38,444.15,274193,398388757356.77,23.87,3.62,Technology
111,Stock_111,2024-03-22,116.13,494.56,601628,576461756265.45,27.02,2.64,Finance
112,Stock_112,2024-07-20,284.06,371.12,355289,759507723420.65,13.6,2.92,Technology
113,Stock_113,2024-05-18,274.77,340.29,807843,77293561708.23,36.19,0.82,Technology
114,Stock_114,2024-11-08,440.84,410.19,633711,131987685312.56,48.57,1.08,Healthcare
115,Stock_115,2024-08-11,452.07,186.19,294578,964539485501.71,47.69,3.86,Finance
116,Stock_116,2024-08-29,194.98,200.54,921698,742145883934.91,7.72,0.39,Technology
117,Stock_117,2024-11-10,355.09,257.55,995440,216120221301.22,46.67,0.7,Finance
118,Stock_118,2024-08-04,253.26,362.9,875857,317673356032.04,30.96,4.28,Technology
119,Stock_119,2024-02-11,248.56,490.14,108777,841015694355.73,14.54,3.73,Consumer Goods
120,Stock_120,2024-05-13,477.71,133.0,173600,552516361933.52,44.16,4.87,Finance
121,Stock_121,2024-02-24,227.99,217.98,457630,176266919203.02,11.3,1.85,Healthcare
122,Stock_122,2024-01-16,173.2,472.94,341681,210562342115.73,42.1,4.01,Energy
123,Stock_123,2024-08-14,324.16,268.84,959193,14877823128.77,6.39,2.02,Finance
124,Stock_124,2024-09-08,103.55,278.65,390912,845553214281.71,29.45,2.1,Consumer Goods
125,Stock_125,2024-05-11,331.22,156.2,820484,386434502018.65,10.22,2.72,Technology
126,Stock_126,2023-11-30,480.53,437.28,913664,111124159075.79,40.29,2.71,Energy
127,Stock_127,2024-06-07,226.45,424.61,104389,787971556993.07,40.85,4.22,Healthcare
128,Stock_128,2024-10-15,388.56,187.86,931819,112379047048.0,23.59,4.88,Finance
129,Stock_129,2024-07-10,248.62,167.91,580597,629081276623.64,46.73,4.83,Healthcare
130,Stock_130,2024-03-13,362.69,252.55,772216,921162272227.32,10.96,2.17,Technology
131,Stock_131,2024-05-18,119.45,332.26,604561,990697037559.15,12.09,1.96,Healthcare
132,Stock_132,2024-01-11,178.05,205.66,44537,277773372559.36,41.4,0.31,Technology
133,Stock_133,2024-01-29,190.73,176.4,790496,150143928290.2,33.78,1.29,Technology
134,Stock_134,2024-01-22,155.25,263.53,75935,876207125004.08,31.71,2.51,Technology
135,Stock_135,2024-06-11,325.08,117.46,259454,97720854582.07,26.46,2.02,Energy
136,Stock_136,2023-11-20,252.72,341.3,533174,693809429411.61,45.58,0.97,Healthcare
137,Stock_137,2023-12-14,473.18,294.85,165704,346934550223.33,29.91,3.89,Technology
138,Stock_138,2024-09-27,148.65,356.47,98933,74266532555.68,16.46,0.2,Technology
139,Stock_139,2024-08-07,208.66,261.38,81980,52732146476.85,48.07,1.24,Energy
140,Stock_140,2024-08-10,373.36,391.7,603536,82419214542.54,6.53,0.39,Finance
141,Stock_141,2024-04-03,315.71,486.47,272352,445919938562.4,13.22,2.62,Technology
142,Stock_142,2024-10-17,365.87,221.03,419571,902851061198.11,24.22,3.89,Energy
143,Stock_143,2024-01-24,456.59,323.68,224139,303638291184.4,10.33,1.59,Consumer Goods
144,Stock_144,2024-04-03,130.4,202.71,564589,855291195581.15,43.75,3.61,Energy
145,Stock_145,2023-12-15,382.79,437.89,505340,723560972254.7,25.58,3.04,Technology
146,Stock_146,2024-11-11,485.7,399.31,900457,516238020645.77,11.69,4.2,Energy
147,Stock_147,2023-11-27,355.28,382.54,423790,13349265081.68,16.39,2.11,Consumer Goods
148,Stock_148,2024-01-23,389.28,375.03,930073,315682894639.27,11.19,2.6,Consumer Goods
149,Stock_149,2024-09-10,405.86,349.9,230764,272437258295.26,35.01,1.99,Finance
150,Stock_150,2024-08-05,478.85,478.55,841452,786564068979.17,48.81,2.98,Energy
151,Stock_151,2023-12-23,331.17,195.66,764178,818288567271.79,20.9,2.15,Consumer Goods
152,Stock_152,2024-10-01,469.25,152.81,807146,188654379401.12,13.92,3.83,Technology
153,Stock_153,2024-01-17,452.22,383.51,762133,898446432707.64,40.76,1.85,Energy
154,Stock_154,2024-11-11,395.2,295.81,487564,56890426796.29,22.82,1.86,Technology
155,Stock_155,2024-10-03,341.07,227.51,509093,514945945056.74,5.02,0.24,Energy
156,Stock_156,2024-01-02,120.3,152.31,140033,405180628428.42,37.96,2.54,Energy
157,Stock_157,2024-06-19,494.03,422.78,899652,501902561226.94,7.94,4.7,Consumer Goods
158,Stock_158,2024-03-19,486.86,404.77,851815,288343805359.44,11.63,1.07,Technology
159,Stock_159,2024-05-03,255.62,276.32,67243,450436660974.28,47.66,1.38,Technology
160,Stock_160,2024-03-29,490.04,134.16,216013,459212301293.42,6.86,0.25,Consumer Goods
161,Stock_161,2024-08-12,331.41,492.5,999274,17712430348.99,31.08,2.61,Consumer Goods
162,Stock_162,2024-08-08,390.35,433.09,709183,697814788543.3,22.77,2.73,Technology
163,Stock_163,2024-11-04,211.84,122.68,41926,214761878641.71,8.75,2.58,Finance
164,Stock_164,2024-10-30,229.11,106.51,909911,30068034261.97,31.53,3.49,Energy
165,Stock_165,2024-05-22,417.12,430.51,260526,158345543349.07,32.84,0.15,Healthcare
166,Stock_166,2023-12-02,359.89,264.06,686297,445512681055.65,15.77,3.99,Technology
167,Stock_167,2024-07-18,342.75,410.24,351639,674030692061.17,7.49,2.73,Healthcare
168,Stock_168,2024-01-29,321.4,148.85,846394,368734457376.2,17.39,0.09,Technology
169,Stock_169,2024-04-16,398.78,265.7,252723,418506507289.89,11.57,3.56,Technology
170,Stock_170,2024-10-12,384.95,160.13,241457,214356259822.45,20.08,2.16,Healthcare
171,Stock_171,2024-06-23,189.19,352.91,63454,784688128359.41,39.54,4.02,Consumer Goods
172,Stock_172,2024-10-21,154.88,360.68,179941,113964462931.37,5.23,4.55,Energy
173,Stock_173,2024-03-03,205.43,246.66,449932,305950250890.91,26.42,4.8,Consumer Goods
174,Stock_174,2024-07-01,150.36,367.98,724136,630027460023.7,25.83,0.3,Finance
175,Stock_175,2024-07-22,152.84,301.35,116957,78326784349.2,11.44,4.18,Energy
176,Stock_176,2024-09-13,454.35,189.54,212825,535999920112.3,14.76,2.62,Finance
177,Stock_177,2024-01-09,372.34,340.97,116007,807829528447.34,39.17,0.32,Technology
178,Stock_178,2023-11-18,439.65,277.21,511510,340227561535.41,45.81,1.51,Healthcare
179,Stock_179,2024-07-22,389.15,251.69,547524,316287586438.81,23.88,1.4,Technology
180,Stock_180,2024-01-06,207.9,219.85,970127,904232078774.33,9.19,3.55,Energy
181,Stock_181,2024-03-02,139.23,102.23,568358,563442311929.51,35.53,4.21,Technology
182,Stock_182,2024-07-02,115.29,433.65,828200,960332604140.4,17.55,2.17,Finance
183,Stock_183,2024-02-20,352.0,388.78,469033,192909561945.61,6.06,3.21,Energy
184,Stock_184,2024-08-30,298.81,216.41,205628,598253465441.61,39.49,1.42,Healthcare
185,Stock_185,2024-10-07,250.73,244.63,42448,446229588526.92,29.0,2.92,Technology
186,Stock_186,2024-10-03,188.99,489.4,869338,699693732988.51,27.17,3.76,Consumer Goods
187,Stock_187,2024-02-22,402.67,369.96,260967,741409659250.74,43.84,3.5,Consumer Goods
188,Stock_188,2024-06-05,290.63,388.98,643469,16039209714.15,48.16,4.78,Consumer Goods
189,Stock_189,2024-08-13,491.67,463.55,661738,214638291895.07,29.99,2.92,Finance
190,Stock_190,2024-05-25,396.31,157.29,29096,952285348875.07,13.24,1.65,Energy
191,Stock_191,2023-12-18,457.9,344.6,904504,318591629965.57,32.41,2.35,Technology
192,Stock_192,2023-12-20,494.32,208.36,969342,759975255236.12,6.16,1.43,Energy
193,Stock_193,2024-02-04,271.04,410.41,713088,122498088390.25,40.07,0.51,Healthcare
194,Stock_194,2024-02-11,346.82,360.54,689311,176235113846.5,40.22,5.0,Healthcare
195,Stock_195,2024-04-15,205.79,173.69,42205,723334417524.64,9.49,2.16,Consumer Goods
196,Stock_196,2024-02-26,416.73,270.45,970138,516164347377.81,19.55,2.13,Energy
197,Stock_197,2024-10-18,110.69,364.69,601560,147197891774.16,32.08,2.98,Technology
198,Stock_198,2024-07-12,251.73,239.58,754570,119179289230.7,36.33,2.03,Technology
199,Stock_199,2024-06-14,486.51,138.12,470845,767111213792.51,20.82,4.19,Energy
200,Stock_200,2024-04-06,190.88,325.23,642187,525249741651.5,30.19,1.26,Finance
201,Stock_201,2024-07-26,432.55,323.44,614222,307471406500.3,30.8,1.43,Technology
202,Stock_202,2024-06-22,494.53,367.24,754624,620651538522.74,35.4,4.86,Energy
203,Stock_203,2024-01-12,205.15,319.22,512392,452917843000.29,36.74,1.59,Consumer Goods
204,Stock_204,2023-11-26,482.54,328.73,214149,817843075439.0,13.62,3.71,Healthcare
205,Stock_205,2024-10-03,298.32,403.48,717969,292902926628.87,28.46,1.33,Technology
206,Stock_206,2024-02-02,291.81,482.51,557009,26560124792.05,41.45,3.96,Energy
207,Stock_207,2024-08-24,478.77,433.88,360206,465317878468.41,19.62,2.08,Healthcare
208,Stock_208,2024-08-06,126.08,140.1,158245,915573251095.06,7.07,0.79,Technology
209,Stock_209,2024-03-08,141.55,398.08,158898,75466046012.63,12.13,4.42,Consumer Goods
210,Stock_210,2024-08-15,475.12,172.17,532361,846418139681.86,22.29,1.12,Consumer Goods
211,Stock_211,2024-10-07,142.4,238.63,584567,43344562098.41,30.18,4.11,Healthcare
212,Stock_212,2023-12-26,142.14,489.39,316362,975655338189.25,31.94,2.37,Energy
213,Stock_213,2024-05-23,216.95,298.34,618081,211291516361.0,7.65,4.43,Healthcare
214,Stock_214,2023-11-23,469.9,319.14,540578,263626980631.88,34.89,4.91,Finance
215,Stock_215,2024-10-17,104.5,176.78,753362,845398117975.78,45.0,4.73,Energy
216,Stock_216,2024-03-01,154.26,367.94,129943,102665413897.19,12.86,2.55,Consumer Goods
217,Stock_217,2024-05-20,217.42,382.06,901698,239178092095.86,26.23,3.41,Technology
218,Stock_218,2024-11-07,228.87,105.16,333346,93272754066.34,35.41,3.45,Energy
219,Stock_219,2023-12-20,468.31,184.62,959966,843750904763.01,44.38,1.53,Healthcare
220,Stock_220,2024-07-22,396.82,258.6,3434,883303233637.68,31.42,0.01,Consumer Goods
221,Stock_221,2024-02-13,445.74,216.61,453483,904893352219.85,9.88,1.84,Consumer Goods
222,Stock_222,2024-09-09,153.4,147.54,46354,812084136496.04,6.36,0.19,Technology
223,Stock_223,2024-05-07,217.59,168.44,535861,755253705665.2,24.37,4.06,Finance
224,Stock_224,2024-10-25,111.67,156.94,169712,821555339916.81,24.19,2.08,Energy
225,Stock_225,2024-09-12,493.63,302.09,597393,956168229334.64,27.82,4.71,Consumer Goods
226,Stock_226,2024-02-16,211.09,390.74,570342,520801469331.33,42.39,0.31,Consumer Goods
227,Stock_227,2024-07-22,262.01,121.18,712624,342760030780.58,6.5,2.08,Consumer Goods
228,Stock_228,2024-04-21,100.35,192.42,813106,198697530162.83,11.79,3.72,Consumer Goods
229,Stock_229,2024-06-23,312.74,146.64,690944,587767738661.19,43.45,4.82,Energy
230,Stock_230,2023-11-17,213.26,269.55,179166,996847035201.33,34.99,3.02,Finance
231,Stock_231,2024-03-21,240.63,144.86,395682,209248181769.18,49.6,1.46,Technology
232,Stock_232,2024-05-04,282.9,270.16,189667,480374031897.12,21.55,4.12,Technology
233,Stock_233,2024-10-11,312.84,355.03,694990,56618017860.87,35.37,2.06,Technology
234,Stock_234,2024-06-06,157.82,247.27,603341,657522373060.66,24.73,1.62,Energy
235,Stock_235,2024-03-03,206.4,438.53,900408,773573533935.11,14.82,0.86,Finance
236,Stock_236,2024-03-02,376.34,155.22,420507,694447477470.69,44.48,4.82,Energy
237,Stock_237,2024-02-24,383.46,147.97,673306,618301296113.71,33.88,2.46,Healthcare
238,Stock_238,2024-09-27,247.59,121.19,332288,38889805167.24,28.62,3.51,Energy
239,Stock_239,2024-02-23,151.9,288.49,328706,375879155405.18,18.43,0.59,Consumer Goods
240,Stock_240,2024-08-27,191.04,432.74,629096,373203041746.57,42.83,4.47,Technology
241,Stock_241,2023-11-24,241.7,260.37,454209,660065154197.08,34.08,2.0,Finance
242,Stock_242,2023-12-26,283.52,100.98,367275,764008795591.94,44.58,1.33,Technology
243,Stock_243,2024-10-11,304.91,350.98,914100,283328093387.07,22.52,0.69,Finance
244,Stock_244,2024-10-28,315.3,191.9,997439,905110828333.19,48.16,4.69,Finance
245,Stock_245,2024-03-07,438.42,276.04,735360,860361613163.99,44.36,1.44,Finance
246,Stock_246,2024-07-15,129.81,413.86,437493,914319721334.25,43.04,2.81,Finance
247,Stock_247,2023-12-22,343.29,134.68,422129,216890601763.16,15.69,4.72,Consumer Goods
248,Stock_248,2024-11-12,130.89,185.9,652743,971396324224.04,45.18,2.89,Consumer Goods
249,Stock_249,2024-01-19,264.84,377.98,543513,542810857699.43,47.43,4.06,Technology
250,Stock_250,2024-05-13,107.95,205.58,757583,150830901730.94,12.38,0.82,Consumer Goods
251,Stock_251,2024-11-09,364.96,228.35,724129,641923396387.11,39.85,1.55,Energy
252,Stock_252,2024-06-06,186.09,125.67,206519,726421194649.01,15.72,1.62,Energy
253,Stock_253,2024-11-06,317.96,472.27,810189,58101105365.64,27.57,0.13,Finance
254,Stock_254,2024-05-18,242.33,357.57,131861,704505491420.49,43.37,3.64,Consumer Goods
255,Stock_255,2024-02-07,341.17,243.07,626276,982843238296.36,7.71,2.78,Finance
256,Stock_256,2024-10-15,134.01,112.58,14082,435421801514.23,31.4,3.22,Finance
257,Stock_257,2024-08-19,319.47,243.39,93447,329280638956.33,49.38,4.04,Energy
258,Stock_258,2023-12-24,377.95,483.83,398395,187416897790.35,12.83,4.11,Energy
259,Stock_259,2024-11-05,436.11,159.07,866880,524051285401.5,9.37,4.65,Technology
260,Stock_260,2024-05-04,246.4,467.85,24863,610481581453.34,38.19,0.31,Technology
261,Stock_261,2024-02-05,179.77,419.51,486785,309844621866.92,35.75,1.21,Healthcare
262,Stock_262,2023-12-13,353.9,326.04,942347,492128132450.22,25.79,2.75,Healthcare
263,Stock_263,2024-01-28,175.46,418.75,805697,997705104028.18,10.37,0.96,Consumer Goods
264,Stock_264,2024-10-15,310.22,196.49,510120,501801474588.64,13.3,4.71,Healthcare
265,Stock_265,2024-01-13,249.81,189.51,37101,28360784863.5,35.66,3.19,Healthcare
266,Stock_266,2023-11-27,187.14,364.13,479443,460679653713.64,24.49,0.53,Energy
267,Stock_267,2024-01-24,214.63,254.49,833475,386446617754.72,12.56,3.41,Energy
268,Stock_268,2024-03-20,431.28,129.23,661323,67738981175.37,16.61,0.81,Technology
269,Stock_269,2024-10-05,177.62,474.99,294725,984260533653.17,19.29,2.43,Finance
270,Stock_270,2023-12-14,170.39,436.34,940440,344511240118.38,19.05,1.48,Consumer Goods
271,Stock_271,2024-07-15,355.28,482.25,280049,273627881341.85,29.46,1.01,Consumer Goods
272,Stock_272,2024-03-03,236.6,152.07,73127,673263855076.02,5.73,2.85,Technology
273,Stock_273,2024-01-11,162.77,137.08,281400,715816263537.21,22.73,3.86,Energy
274,Stock_274,2024-10-24,215.85,237.48,250488,582237228440.32,24.44,3.38,Finance
275,Stock_275,2024-01-12,333.7,149.41,427468,618818743128.71,24.98,4.89,Energy
276,Stock_276,2024-06-01,318.98,101.76,758999,476792149180.07,11.25,2.87,Consumer Goods
277,Stock_277,2024-09-20,285.78,475.11,648394,880452159731.68,16.01,1.02,Consumer Goods
278,Stock_278,2024-02-06,258.82,374.64,773583,767309400917.48,43.48,3.74,Technology
279,Stock_279,2024-07-19,190.41,102.08,329101,426852903954.8,13.97,3.11,Consumer Goods
280,Stock_280,2024-02-16,134.07,317.9,323208,172155708930.28,27.51,4.32,Healthcare
281,Stock_281,2024-07-03,171.81,408.53,632236,302923725413.52,15.85,2.03,Finance
282,Stock_282,2024-08-01,471.56,450.73,520357,831217072348.11,16.64,4.33,Healthcare
283,Stock_283,2024-09-17,196.69,401.02,756953,105824898805.14,19.11,2.3,Energy
284,Stock_284,2024-10-19,347.51,327.06,642941,259413559805.97,30.41,3.67,Healthcare
285,Stock_285,2024-08-19,271.63,487.61,985702,599757897706.36,16.84,4.69,Consumer Goods
286,Stock_286,2024-09-02,481.95,209.17,964256,269823923232.51,19.09,3.63,Consumer Goods
287,Stock_287,2024-10-06,250.03,109.52,145381,726724928291.94,33.44,2.39,Consumer Goods
288,Stock_288,2024-05-31,351.6,140.18,20081,391244175378.27,22.11,0.94,Energy
289,Stock_289,2024-06-20,205.88,301.69,405619,665054727027.93,30.1,0.64,Healthcare
290,Stock_290,2024-07-29,114.11,384.69,522909,667783051244.06,40.82,1.31,Consumer Goods
291,Stock_291,2024-08-31,443.9,212.69,913164,829362641036.91,47.93,3.48,Healthcare
292,Stock_292,2024-03-01,439.06,319.44,945867,262201062426.31,27.71,0.43,Technology
293,Stock_293,2024-10-18,485.04,217.55,544290,519168691003.58,41.56,3.73,Technology
294,Stock_294,2024-02-10,396.78,330.28,613364,29620063837.86,29.83,1.01,Energy
295,Stock_295,2023-12-28,429.16,175.43,6376,566259025490.49,5.9,1.9,Technology
296,Stock_296,2023-11-25,332.29,165.03,477363,176542521328.74,10.11,3.45,Technology
297,Stock_297,2024-02-21,499.42,266.56,205178,985326633823.37,34.09,0.45,Energy
298,Stock_298,2024-10-12,134.47,209.11,763411,297338404716.03,19.46,3.25,Healthcare
299,Stock_299,2024-09-14,221.16,421.42,475248,421891681072.15,11.83,0.4,Technology
300,Stock_300,2024-09-07,217.29,408.19,425538,848639912960.21,38.33,2.81,Healthcare
301,Stock_301,2024-02-04,430.5,121.13,701071,939019944733.05,38.72,4.64,Healthcare
302,Stock_302,2024-09-16,153.74,335.66,47689,842968320239.91,5.02,4.17,Finance
303,Stock_303,2024-02-16,464.41,349.78,368079,172561650791.32,34.11,4.71,Energy
304,Stock_304,2024-04-21,172.43,222.5,676794,247083860847.31,32.74,4.98,Energy
305,Stock_305,2024-02-03,449.5,383.49,657496,624206474389.5,49.83,0.99,Consumer Goods
306,Stock_306,2024-02-29,285.5,331.86,465738,11768987239.18,37.09,0.68,Healthcare
307,Stock_307,2023-12-27,164.27,257.19,465666,114405206757.01,13.48,3.47,Energy
308,Stock_308,2023-11-30,333.85,227.42,803539,384077529885.55,39.17,2.14,Technology
309,Stock_309,2024-04-01,325.74,341.11,119738,83276861576.49,11.69,4.53,Technology
310,Stock_310,2024-05-17,267.98,172.65,23636,970188709428.26,28.74,1.34,Finance
311,Stock_311,2024-06-24,331.24,201.83,844886,71169655701.82,8.51,3.74,Consumer Goods
312,Stock_312,2024-05-23,181.03,451.02,446123,248498683246.59,46.8,3.04,Energy
313,Stock_313,2023-11-29,209.75,154.67,961334,743460486512.97,27.79,4.77,Finance
314,Stock_314,2024-03-28,370.41,146.37,451941,605218253800.39,24.11,3.1,Healthcare
315,Stock_315,2024-06-14,139.58,379.73,13922,12277516046.43,12.63,3.47,Consumer Goods
316,Stock_316,2024-08-08,171.5,186.21,175918,848053236127.74,42.42,2.34,Consumer Goods
317,Stock_317,2024-04-15,336.79,403.51,728941,421966105852.45,43.23,1.56,Energy
318,Stock_318,2024-06-15,194.82,475.27,251004,425188473463.72,42.09,4.59,Consumer Goods
319,Stock_319,2024-08-27,158.37,478.31,60872,952825064969.38,22.89,4.57,Consumer Goods
320,Stock_320,2024-02-04,348.83,195.25,901684,473404213380.26,9.79,0.92,Technology
321,Stock_321,2023-12-08,317.06,122.13,292227,322316491171.47,24.49,3.57,Healthcare
322,Stock_322,2023-12-06,363.85,346.83,298081,405091568635.1,21.82,0.04,Energy
323,Stock_323,2024-04-07,216.76,354.42,179397,621297149430.16,49.34,0.57,Consumer Goods
324,Stock_324,2024-01-28,248.01,111.04,978158,213821086047.41,36.02,1.72,Energy
325,Stock_325,2023-11-26,334.12,349.9,14575,859825393619.35,5.14,1.32,Technology
326,Stock_326,2024-04-11,273.17,426.55,536981,547472524602.95,12.14,2.9,Energy
327,Stock_327,2024-04-18,459.34,229.68,393678,941024734117.85,7.19,2.51,Energy
328,Stock_328,2024-07-25,499.63,261.41,201197,44183346545.88,44.45,4.97,Energy
329,Stock_329,2024-08-01,377.83,426.34,275057,682336884201.45,5.41,0.32,Healthcare
330,Stock_330,2024-01-13,106.59,348.08,641978,581602426132.91,46.72,2.12,Consumer Goods
331,Stock_331,2023-12-31,209.02,392.97,876260,301507166076.5,37.95,3.72,Finance
332,Stock_332,2023-12-30,200.25,148.97,443493,150715796458.13,33.67,2.7,Finance
333,Stock_333,2024-09-23,385.18,229.42,867319,148132317137.67,45.26,3.2,Energy
334,Stock_334,2023-12-08,275.67,144.52,832287,224966164216.96,17.25,2.52,Consumer Goods
335,Stock_335,2024-06-19,222.86,184.87,535020,846800290483.32,39.74,1.0,Technology
336,Stock_336,2024-05-03,291.38,486.99,335597,620365653394.7,40.09,3.34,Finance
337,Stock_337,2024-09-24,499.56,470.12,382167,311596261615.21,49.89,4.56,Finance
338,Stock_338,2024-10-01,275.53,246.47,56071,334057168411.32,22.32,3.68,Healthcare
339,Stock_339,2024-04-17,100.45,265.78,794514,256353877808.03,35.8,4.19,Energy
340,Stock_340,2024-05-23,108.01,478.59,95239,965595011722.52,16.77,1.72,Consumer Goods
341,Stock_341,2024-09-12,175.4,300.47,139389,647372614509.64,42.92,4.66,Energy
342,Stock_342,2024-11-15,249.22,340.93,983860,345063344097.48,10.23,0.74,Energy
343,Stock_343,2024-03-29,382.28,431.67,687840,699161546187.76,44.6,1.18,Consumer Goods
344,Stock_344,2024-02-05,248.18,237.64,456024,500832835290.48,37.4,0.95,Energy
345,Stock_345,2024-09-05,214.74,412.72,610293,145180465846.07,49.82,4.87,Finance
346,Stock_346,2024-01-24,388.82,184.93,448138,405263152140.78,27.32,0.15,Energy
347,Stock_347,2024-01-26,413.58,233.58,290409,171303856316.37,27.51,0.68,Consumer Goods
348,Stock_348,2024-03-31,270.5,339.39,612672,739496655647.89,49.88,1.51,Consumer Goods
349,Stock_349,2024-10-30,144.08,458.24,321584,555514759313.4,16.4,4.43,Consumer Goods
350,Stock_350,2024-07-26,163.49,466.2,37055,644127695115.23,9.81,0.02,Technology
351,Stock_351,2024-04-14,285.26,192.39,953989,165686516347.08,12.16,2.25,Energy
352,Stock_352,2023-12-22,348.76,170.46,343567,773814026152.27,23.79,2.61,Consumer Goods
353,Stock_353,2024-09-08,219.22,234.78,430416,36952012748.64,48.27,2.18,Energy
354,Stock_354,2024-02-21,142.32,155.94,23437,599240524231.55,39.11,2.87,Healthcare
355,Stock_355,2024-06-11,341.82,374.28,417146,788169351265.99,33.55,4.69,Finance
356,Stock_356,2024-06-01,383.98,196.11,261573,718891823376.42,30.96,1.9,Finance
357,Stock_357,2024-09-21,137.9,296.11,678148,496825852147.88,45.43,0.43,Technology
358,Stock_358,2023-12-15,233.03,184.86,783265,860363378515.03,12.54,4.67,Consumer Goods
359,Stock_359,2024-02-01,135.42,286.2,515223,781316722736.93,49.04,4.57,Technology
360,Stock_360,2024-01-26,295.87,320.78,90017,935078191361.61,33.28,0.71,Healthcare
361,Stock_361,2024-11-07,225.67,306.42,446307,993533895151.5,36.99,1.73,Energy
362,Stock_362,2024-08-26,238.81,445.32,31281,217024971603.5,47.07,4.22,Healthcare
363,Stock_363,2024-10-20,298.66,270.25,409584,513656439925.22,36.1,2.6,Finance
364,Stock_364,2024-07-29,187.73,242.6,877191,656519502603.43,27.44,3.46,Technology
365,Stock_365,2024-11-07,371.91,416.25,144939,590014738462.33,35.0,1.4,Technology
366,Stock_366,2024-05-31,278.65,221.08,2620,638691809716.31,36.4,1.35,Finance
367,Stock_367,2024-08-27,322.88,,80437,30039002409.48,43.27,0.54,Technology
368,Stock_368,2024-09-01,416.29,181.12,804002,,20.67,2.82,Energy
369,Stock_369,2024-05-17,288.8,157.23,928325,622769108740.64,36.55,2.22,Finance
370,Stock_370,2024-06-22,442.36,405.04,12402,443674856578.86,7.1,3.29,Consumer Goods
371,Stock_371,2024-04-23,216.58,427.23,320529,146321944984.3,39.65,0.32,Consumer Goods
372,Stock_372,2024-09-13,276.08,140.65,315832,368483671712.01,36.19,3.19,Technology
373,Stock_373,2024-03-01,235.9,267.15,347779,746637184762.63,9.64,3.54,Technology
374,Stock_374,2024-03-27,152.63,337.73,531152,558475088599.38,9.8,1.11,Finance
375,Stock_375,2024-01-31,416.17,242.68,105931,130250649923.59,46.98,4.96,Technology
376,Stock_376,2024-10-06,257.09,496.72,568567,436507650900.61,16.94,4.66,Healthcare
377,Stock_377,2024-03-15,300.0,174.69,435474,321070452549.7,35.91,0.89,Technology
378,Stock_378,2024-01-16,390.67,280.83,377609,971312421266.28,14.25,2.06,Healthcare
379,Stock_379,2024-01-02,128.79,358.69,383524,259126717130.3,19.77,2.51,Energy
380,Stock_380,2024-07-15,154.39,348.82,668255,483249166058.6,27.88,0.02,Finance
381,Stock_381,2024-10-18,308.22,225.0,257636,384670563446.98,15.82,2.36,Energy
382,Stock_382,2024-07-15,175.66,408.78,746584,130516486188.78,21.3,4.62,Consumer Goods
383,Stock_383,2024-09-18,213.47,185.2,165225,354292633985.5,48.74,2.99,Consumer Goods
384,Stock_384,2024-07-07,323.74,160.97,938786,614286758877.95,46.01,0.42,Finance
385,Stock_385,2023-11-24,292.25,138.53,23803,708014261679.59,7.32,4.39,Finance
386,Stock_386,2023-11-17,194.46,379.86,857987,481120645065.74,26.78,2.2,Energy
387,Stock_387,2024-01-24,328.97,439.11,302370,799254960385.73,40.07,4.77,Energy
388,Stock_388,2024-11-14,192.03,275.19,308809,470871045472.99,6.91,2.21,Healthcare
389,Stock_389,2024-08-26,215.71,376.93,411190,735856513277.72,47.01,2.78,Finance
390,Stock_390,2024-07-24,382.81,223.52,920373,730833796943.71,18.13,3.68,Energy
391,Stock_391,2024-03-14,289.24,483.69,83761,166650694536.63,26.96,2.16,Consumer Goods
392,Stock_392,2024-11-10,414.33,386.78,586753,872595032639.95,20.75,0.84,Energy
393,Stock_393,2024-07-29,113.31,134.09,676677,293291549217.95,43.84,1.81,Finance
394,Stock_394,2024-09-27,204.46,328.35,692292,495269830818.13,34.69,1.19,Technology
395,Stock_395,2024-10-18,458.07,371.24,335488,216023356113.11,8.86,2.45,Technology
396,Stock_396,2024-09-21,407.83,248.82,651135,740643389436.4,36.31,4.11,Technology
397,Stock_397,2024-05-24,390.82,289.11,106827,921485911287.32,27.51,4.42,Energy
398,Stock_398,2024-02-15,381.38,405.87,35553,683638502275.66,28.33,2.24,Technology
399,Stock_399,2024-09-19,120.7,480.39,908130,196216757321.76,35.03,3.67,Technology
400,Stock_400,2024-05-16,425.08,352.74,951361,561659554172.14,34.07,3.85,Energy
401,Stock_401,2024-08-06,275.97,255.35,281681,496838776772.82,45.12,3.42,Healthcare
402,Stock_402,2023-12-19,364.98,170.55,249512,272308470806.65,42.12,0.18,Consumer Goods
403,Stock_403,2024-10-09,257.92,461.87,103635,837956369169.02,24.06,3.76,Consumer Goods
404,Stock_404,2024-10-30,194.43,303.6,164464,816033706796.17,16.12,1.32,Healthcare
405,Stock_405,2024-06-26,444.74,417.47,95914,518162961331.42,45.44,4.03,Finance
406,Stock_406,2024-02-26,406.0,427.56,903269,28752457966.49,7.63,1.77,Energy
407,Stock_407,2023-11-30,482.37,401.22,283196,25025103060.02,25.22,2.14,Technology
408,Stock_408,2024-10-24,371.15,290.72,644512,643354020696.91,27.44,4.06,Finance
409,Stock_409,2024-06-26,436.97,430.9,854561,466122652290.92,20.29,1.65,Consumer Goods
410,Stock_410,2024-10-24,165.11,263.85,674459,822149204945.95,24.32,1.76,Healthcare
411,Stock_411,2024-01-10,344.58,487.75,175104,832840400378.57,20.2,4.33,Finance
412,Stock_412,2024-05-13,288.47,398.96,218080,943640650772.54,15.58,2.57,Technology
413,Stock_413,2024-06-19,462.76,180.45,828116,219525933892.24,39.11,1.56,Consumer Goods
414,Stock_414,2024-11-01,283.83,349.39,566702,132266679328.23,23.26,1.82,Energy
415,Stock_415,2024-08-12,410.96,455.47,884374,627806841109.56,27.04,4.61,Technology
416,Stock_416,2024-10-20,301.27,146.45,65700,608011480685.65,7.8,0.45,Technology
417,Stock_417,2024-05-24,272.01,469.01,687809,726664639768.43,47.06,2.7,Healthcare
418,Stock_418,2024-03-25,119.64,382.12,460527,787040856444.28,22.29,4.05,Healthcare
419,Stock_419,2024-09-16,137.64,253.72,359972,888459919594.16,41.69,4.26,Energy
420,Stock_420,2023-12-15,311.25,151.34,520403,269627360154.66,34.76,4.55,Technology
421,Stock_421,2024-03-14,139.32,293.54,926295,657686457183.3,7.18,0.42,Consumer Goods
422,Stock_422,2024-11-06,453.04,197.62,947570,822457592689.4,28.64,3.55,Finance
423,Stock_423,2024-07-02,103.87,319.35,134619,65783509350.47,23.13,1.53,Healthcare
424,Stock_424,2023-12-16,191.8,182.07,497518,338855464832.61,46.59,2.97,Healthcare
425,Stock_425,2024-09-09,112.03,235.52,770259,439967086353.04,32.68,0.77,Healthcare
426,Stock_426,2023-12-13,227.56,263.61,843608,291506518959.0,25.91,4.21,Finance
427,Stock_427,2024-04-08,139.91,107.16,5503,313121226725.58,16.93,0.74,Energy
428,Stock_428,2024-08-26,237.04,147.64,794236,881887183207.63,7.61,4.3,Technology
429,Stock_429,2023-12-25,168.93,398.55,883880,778946729367.24,24.7,1.2,Finance
430,Stock_430,2024-05-26,118.66,478.86,454890,818086367054.88,15.52,2.91,Finance
431,Stock_431,2024-01-06,211.33,422.65,376930,893396884112.62,18.07,1.55,Consumer Goods
432,Stock_432,2024-05-28,226.89,409.36,450978,515171251066.83,33.93,3.85,Energy
433,Stock_433,2024-05-14,499.3,329.55,715763,336419700961.58,11.64,4.4,Consumer Goods
434,Stock_434,2024-02-14,298.45,177.21,40448,761051195523.38,24.02,2.82,Consumer Goods
435,Stock_435,2024-07-08,477.14,126.62,631166,563691381024.6,8.66,4.26,Technology
436,Stock_436,2024-06-29,300.23,482.87,912945,84682909795.74,20.89,0.23,Finance
437,Stock_437,2024-03-07,469.79,165.35,399763,442392533791.29,38.77,4.67,Technology
438,Stock_438,2023-12-15,106.98,235.71,138684,890697403768.43,24.78,4.93,Healthcare
439,Stock_439,2024-05-19,366.7,416.29,728589,472119641960.46,38.8,2.87,Technology
440,Stock_440,2023-12-08,391.28,217.54,804748,63583588231.78,5.61,4.75,Technology
441,Stock_441,2024-03-08,281.55,362.23,74552,12648683571.31,23.22,2.21,Technology
442,Stock_442,2024-05-14,178.72,289.76,494296,238247085772.34,39.23,4.49,Energy
443,Stock_443,2024-03-24,429.63,312.17,429312,842039494089.69,6.72,2.16,Energy
444,Stock_444,2024-07-26,261.82,277.07,532942,782502746903.64,46.97,4.11,Consumer Goods
445,Stock_445,2024-09-25,122.22,303.41,219384,904341205858.84,7.01,0.13,Consumer Goods
446,Stock_446,2024-07-29,481.9,363.93,890475,858510599752.4,23.1,2.71,Healthcare
447,Stock_447,2024-09-16,176.64,453.73,14307,646393485816.2,21.12,3.65,Finance
448,Stock_448,2024-11-06,374.32,292.27,478040,879643929374.04,25.76,0.16,Consumer Goods
449,Stock_449,2024-08-17,217.81,455.14,965943,597121944832.68,24.77,0.7,Healthcare
450,Stock_450,2024-09-18,136.14,364.15,504152,299693269699.02,39.77,1.56,Technology
451,Stock_451,2023-12-17,445.24,417.34,596484,288887670151.39,44.55,1.95,Finance
452,Stock_452,2024-01-17,292.47,330.41,492261,412626129427.61,14.23,2.67,Energy
453,Stock_453,2024-09-14,270.04,174.98,739927,463657346346.58,22.84,2.9,Consumer Goods
454,Stock_454,2024-09-29,238.01,473.64,645615,849213534230.96,20.09,3.19,Technology
455,Stock_455,2024-01-10,209.85,164.82,702058,45896916826.47,8.39,1.83,Consumer Goods
456,Stock_456,2023-12-10,264.23,171.68,502850,636892989640.27,34.93,3.6,Energy
457,Stock_457,2024-04-11,488.15,348.05,591560,710009305505.17,39.87,1.85,Energy
458,Stock_458,2024-04-16,289.59,323.39,450305,196960305969.53,23.41,2.77,Energy
459,Stock_459,2024-02-11,496.16,381.57,411536,56318202608.97,45.84,1.69,Technology
460,Stock_460,2024-02-14,345.13,277.58,183345,803680588327.89,18.73,2.52,Technology
461,Stock_461,2024-02-14,481.23,289.43,910742,58524254231.4,10.6,3.55,Consumer Goods
462,Stock_462,2024-02-17,418.94,275.39,88917,888932305189.42,48.2,0.01,Consumer Goods
463,Stock_463,2024-07-10,370.52,121.27,766220,594056274295.75,24.78,0.48,Energy
464,Stock_464,2024-08-16,312.62,100.43,231125,917915347529.18,14.23,3.91,Consumer Goods
465,Stock_465,2024-09-30,185.6,403.15,978621,425436899915.3,32.86,2.2,Energy
466,Stock_466,2024-10-31,448.29,289.5,825512,991507993232.65,41.48,4.92,Energy
467,Stock_467,2024-09-03,401.77,343.92,132358,731577844629.11,23.73,2.04,Consumer Goods
468,Stock_468,2024-10-29,216.63,262.98,936246,704013265306.79,21.65,3.97,Energy
469,Stock_469,2024-06-09,214.71,404.07,411868,507501821139.91,29.28,1.65,Healthcare
470,Stock_470,2024-10-15,395.02,262.9,368482,205185418956.63,17.66,4.68,Healthcare
471,Stock_471,2023-11-26,129.3,397.59,756418,706625169030.91,29.97,0.67,Consumer Goods
472,Stock_472,2024-05-14,409.07,204.33,868872,124730127935.04,20.4,3.02,Consumer Goods
473,Stock_473,2024-06-04,203.98,457.07,385342,341956087165.53,5.42,2.72,Finance
474,Stock_474,2023-12-29,400.07,229.87,447462,785519082059.23,36.82,1.53,Finance
475,Stock_475,2024-08-22,156.13,277.81,766608,462703988269.8,44.85,1.59,Healthcare
476,Stock_476,2024-01-06,474.61,478.67,740640,483791411525.88,31.49,3.83,Energy
477,Stock_477,2024-05-01,224.82,477.43,140745,959509126281.13,49.41,4.74,Finance
478,Stock_478,2024-02-07,337.04,191.49,941520,888039688245.7,33.96,1.43,Technology
479,Stock_479,2024-03-14,309.25,197.07,641749,264981340572.87,38.27,1.68,Finance
480,Stock_480,2024-02-05,200.14,134.3,553933,519900869346.41,8.38,0.92,Healthcare
481,Stock_481,2024-01-29,172.62,226.85,266997,265102167643.68,44.0,1.61,Energy
482,Stock_482,2023-12-27,247.76,372.22,746963,950510346121.88,29.51,1.97,Consumer Goods
483,Stock_483,2024-02-02,306.7,321.01,262547,976427106738.25,16.9,3.67,Healthcare
484,Stock_484,2023-12-10,306.08,287.42,525785,145985899507.73,5.2,1.16,Technology
485,Stock_485,2024-07-11,135.87,188.56,320192,909220217432.95,27.14,2.04,Technology
486,Stock_486,2024-08-04,275.34,208.7,646608,203272703289.35,38.67,0.13,Energy
487,Stock_487,2024-07-10,314.95,388.5,327173,390383452617.15,42.47,0.61,Finance
488,Stock_488,2024-09-09,180.69,454.24,219279,794090533016.75,28.83,2.08,Consumer Goods
489,Stock_489,2023-12-06,200.07,240.35,595365,831050765011.76,30.94,1.05,Technology
490,Stock_490,2024-08-18,146.5,272.79,311812,91348087504.29,7.95,3.44,Healthcare
491,Stock_491,2024-08-06,358.8,203.6,911663,774997596893.37,30.41,2.39,Technology
492,Stock_492,2023-12-20,413.54,159.33,176331,902443033554.62,46.12,2.18,Technology
493,Stock_493,2024-03-06,335.12,184.5,465479,988994492486.47,46.95,3.65,Energy
494,Stock_494,2024-05-13,385.21,226.19,497175,999998601265.35,47.7,0.77,Energy
495,Stock_495,2024-03-26,257.09,121.58,227270,372285537446.45,26.83,1.6,Finance
496,Stock_496,2024-05-29,308.25,382.03,484160,93276920877.62,22.88,3.23,Energy
497,Stock_497,2024-03-13,138.05,289.77,58433,962051594318.38,31.52,3.19,Consumer Goods
498,Stock_498,2024-08-17,229.2,198.95,622591,537697925913.14,7.94,0.33,Healthcare
499,Stock_499,2024-01-17,368.43,163.2,992868,348402148180.22,44.88,0.91,Technology
500,Stock_500,2023-11-23,328.54,276.74,221295,441285873437.37,32.77,2.24,Energy
501,Stock_501,2024-09-03,210.67,116.33,255030,539277847994.42,39.39,1.87,Healthcare
502,Stock_502,2024-06-28,435.09,119.79,270462,311761783224.73,23.68,0.99,Finance
503,Stock_503,2024-04-10,310.32,250.66,909411,754009944782.15,38.83,2.03,Consumer Goods
504,Stock_504,2024-06-22,493.67,459.8,926505,62350612815.96,25.82,2.17,Technology
505,Stock_505,2024-08-13,466.1,246.58,928018,28618454595.39,32.01,1.78,Healthcare
506,Stock_506,2024-04-22,184.45,200.82,404940,36364616810.22,42.57,0.22,Energy
507,Stock_507,2024-10-19,471.0,427.56,411869,241400732746.74,28.42,0.05,Energy
508,Stock_508,2023-12-06,343.31,455.57,742424,187565004628.66,19.45,1.81,Consumer Goods
509,Stock_509,2024-10-12,179.07,294.87,473613,64645401209.31,10.65,1.1,Energy
510,Stock_510,2023-11-28,331.24,238.7,159140,356541255182.66,10.14,3.33,Energy
511,Stock_511,2024-09-22,290.3,177.25,561344,17476055808.98,25.07,3.04,Healthcare
512,Stock_512,2024-05-13,381.47,418.19,353964,243651704534.79,25.43,3.64,Consumer Goods
513,Stock_513,2024-06-18,221.89,163.05,375661,374807585872.82,23.33,2.63,Healthcare
514,Stock_514,2024-09-04,398.14,431.26,649589,155821781614.81,21.53,1.82,Technology
515,Stock_515,2024-10-06,117.67,138.98,687082,543931553868.92,27.27,1.6,Consumer Goods
516,Stock_516,2024-08-16,106.88,227.01,409147,595033378044.29,21.76,4.97,Consumer Goods
517,Stock_517,2024-03-08,345.13,226.81,425700,827553708641.18,44.95,0.75,Healthcare
518,Stock_518,2024-09-19,411.87,153.68,3027,819447500564.97,25.49,3.52,Energy
519,Stock_519,2024-07-11,290.12,166.78,632903,652836156177.97,46.45,4.88,Energy
520,Stock_520,2024-02-17,307.36,264.25,679530,281836605370.81,46.51,4.05,Consumer Goods
521,Stock_521,2024-03-08,361.15,479.72,422131,605189674700.27,10.46,1.54,Healthcare
522,Stock_522,2024-10-17,261.52,336.81,359052,896935302020.41,10.56,3.65,Finance
523,Stock_523,2024-07-12,388.05,442.37,113870,146087732808.47,35.01,4.84,Energy
524,Stock_524,2024-10-22,350.01,245.49,414217,167928906955.51,27.19,3.37,Consumer Goods
525,Stock_525,2024-09-22,470.83,135.65,6668,901869757152.24,23.77,4.9,Technology
526,Stock_526,2024-09-06,205.23,367.71,835714,724544352754.73,22.32,1.12,Energy
527,Stock_527,2024-02-11,304.49,415.8,522589,660229056560.22,46.46,4.73,Energy
528,Stock_528,2024-01-19,367.6,371.15,24771,687418606431.84,36.42,3.1,Finance
529,Stock_529,2024-11-08,124.28,243.84,266089,723684266948.48,35.09,4.5,Energy
530,Stock_530,2024-07-08,492.96,473.86,648292,766406876295.79,45.49,0.12,Consumer Goods
531,Stock_531,2024-06-19,364.69,172.05,803135,518933629595.94,24.23,2.66,Healthcare
532,Stock_532,2024-11-02,426.63,453.07,779505,211330409600.25,9.5,2.73,Healthcare
533,Stock_533,2024-08-28,246.05,462.45,658926,923028421546.03,49.46,3.22,Healthcare
534,Stock_534,2024-04-01,458.68,100.83,560976,67582050236.17,14.63,4.61,Consumer Goods
535,Stock_535,2024-09-19,333.71,110.3,872629,109610940570.03,35.08,4.97,Technology
536,Stock_536,2024-10-13,360.05,139.55,187292,228703356758.7,31.78,4.23,Energy
537,Stock_537,2024-10-11,108.94,460.87,807039,25606961761.89,18.29,0.21,Energy
538,Stock_538,2024-09-07,283.15,382.19,351665,17865329886.09,25.72,0.93,Consumer Goods
539,Stock_539,2024-05-30,143.73,418.52,393126,540768065951.62,20.58,3.96,Energy
540,Stock_540,2024-04-04,181.24,249.77,416812,814130898900.05,41.88,2.3,Consumer Goods
541,Stock_541,2024-07-10,166.02,259.75,966340,935274905330.79,23.58,1.6,Consumer Goods
542,Stock_542,2024-03-09,435.65,456.82,738866,867807718349.05,41.46,0.97,Energy
543,Stock_543,2024-06-11,275.91,246.46,675264,360404497707.42,9.35,1.8,Consumer Goods
544,Stock_544,2024-05-04,493.95,435.92,555778,145309128038.55,26.26,4.41,Finance
545,Stock_545,2024-05-30,122.09,356.89,661250,505756421263.9,41.05,0.33,Healthcare
546,Stock_546,2024-03-02,480.73,411.53,855328,206827155490.84,22.14,0.53,Finance
547,Stock_547,2024-02-12,427.13,178.07,972500,997834511415.3,30.96,2.2,Consumer Goods
548,Stock_548,2024-10-22,402.44,279.45,450731,477373254232.24,12.76,4.72,Healthcare
549,Stock_549,2024-08-23,297.32,345.99,891826,702451563068.65,45.46,2.41,Energy
550,Stock_550,2023-12-20,428.26,125.89,348556,876052667724.19,18.63,1.11,Consumer Goods
551,Stock_551,2024-05-05,298.83,447.23,261946,681142474058.67,45.74,1.98,Finance
552,Stock_552,2024-05-03,263.08,332.09,579944,174727402206.41,13.22,1.08,Finance
553,Stock_553,2024-04-15,441.43,272.95,981914,63674262073.18,36.72,3.07,Energy
554,Stock_554,2024-07-28,451.4,208.81,439284,370618311230.17,7.22,1.84,Consumer Goods
555,Stock_555,2024-11-08,496.63,378.38,870628,769781551197.57,39.19,2.49,Technology
556,Stock_556,2024-08-16,130.43,117.65,666367,305854463078.75,14.13,1.0,Finance
557,Stock_557,2023-12-25,342.91,388.14,687291,684015196335.01,31.05,0.25,Technology
558,Stock_558,2024-09-27,220.3,115.65,214662,431010446487.95,19.75,0.91,Technology
559,Stock_559,2024-09-14,182.77,108.93,818169,422192521278.56,37.74,2.79,Energy
560,Stock_560,2024-09-19,225.73,485.69,657719,140166782370.01,28.33,3.91,Healthcare
561,Stock_561,2023-11-23,367.2,257.31,193095,145333692048.46,13.96,0.12,Technology
562,Stock_562,2024-01-19,270.5,391.28,738948,641057425697.38,23.48,0.8,Energy
563,Stock_563,2024-11-10,185.69,368.14,642844,926167643887.7,42.86,1.66,Technology
564,Stock_564,2024-10-30,104.48,286.4,792227,262813972898.04,28.54,1.52,Healthcare
565,Stock_565,2024-11-08,258.47,184.4,97681,166738270778.73,42.1,4.95,Healthcare
566,Stock_566,2023-12-31,400.94,322.64,624090,938975990687.45,38.35,0.58,Healthcare
567,Stock_567,2024-09-20,366.64,425.86,514988,898031327364.47,16.07,1.65,Consumer Goods
568,Stock_568,2024-07-16,492.98,311.49,883088,376931441296.11,40.83,0.08,Healthcare
569,Stock_569,2024-06-28,451.43,456.24,57559,678317295754.86,32.78,3.66,Consumer Goods
570,Stock_570,2024-07-21,440.56,247.49,348865,240867415424.06,11.96,1.01,Finance
571,Stock_571,2024-05-11,279.27,106.24,417139,961501584558.11,34.74,3.09,Energy
572,Stock_572,2024-02-11,147.43,379.17,448735,997287517879.8,38.72,4.49,Technology
573,Stock_573,2024-01-16,315.99,264.17,26183,674056156311.82,9.98,1.41,Consumer Goods
574,Stock_574,2024-10-21,361.85,204.75,542761,370868497480.03,32.98,0.32,Finance
575,Stock_575,2024-09-11,382.53,285.85,819005,304630656501.44,46.35,1.02,Energy
576,Stock_576,2024-01-19,242.92,206.88,711702,310524739877.2,18.58,0.97,Healthcare
577,Stock_577,2024-03-18,233.15,462.41,528721,340298384224.22,29.05,1.17,Energy
578,Stock_578,2024-09-25,337.55,463.68,310809,545234030520.39,49.36,2.58,Consumer Goods
579,Stock_579,2024-08-01,110.17,342.71,270271,221817866738.25,16.58,0.93,Healthcare
580,Stock_580,2024-04-15,273.65,232.04,125788,662775191510.24,32.14,4.22,Consumer Goods
581,Stock_581,2024-02-03,164.56,463.86,719485,665629393383.88,18.19,2.04,Technology
582,Stock_582,2024-05-15,247.67,497.94,763771,360929253302.37,39.62,2.66,Energy
583,Stock_583,2024-10-13,139.63,438.48,77977,193087909762.13,7.96,4.72,Finance
584,Stock_584,2023-11-25,393.42,293.61,632712,530482307219.99,14.09,3.83,Healthcare
585,Stock_585,2024-10-31,390.1,165.68,770980,597260444959.88,24.75,2.14,Consumer Goods
586,Stock_586,2024-04-14,278.49,172.98,805130,465733043952.93,23.39,2.89,Finance
587,Stock_587,2024-03-17,479.54,143.52,775589,832968478453.99,33.63,1.63,Consumer Goods
588,Stock_588,2024-01-16,162.68,294.58,655705,334572886964.18,35.7,3.79,Consumer Goods
589,Stock_589,2024-08-23,298.51,421.43,960187,543481209828.93,36.21,4.52,Finance
590,Stock_590,2024-02-27,155.89,471.28,852059,162641189669.53,32.59,3.34,Healthcare
591,Stock_591,2024-05-23,118.4,139.85,273123,859637809251.56,8.93,3.72,Healthcare
592,Stock_592,2024-01-08,242.12,331.04,116384,765363263733.04,39.1,4.55,Finance
593,Stock_593,2024-08-03,368.88,397.78,589172,815364087688.89,17.96,3.12,Technology
594,Stock_594,2024-02-15,130.37,136.83,95557,773645589576.94,22.09,4.8,Technology
595,Stock_595,2024-02-14,447.24,321.99,139658,156019709546.26,31.6,1.49,Consumer Goods
596,Stock_596,2024-02-21,228.85,437.46,169251,426238950996.7,10.85,2.33,Energy
597,Stock_597,2024-02-10,268.3,441.83,78412,372733365526.13,18.04,0.25,Energy
598,Stock_598,2024-08-14,409.8,123.68,466340,137935028879.0,11.69,2.34,Energy
599,Stock_599,2024-05-27,211.32,284.24,977970,48985446173.34,25.61,1.64,Finance
600,Stock_600,2023-12-22,394.06,494.89,671882,611419727589.0,37.69,2.92,Finance
601,Stock_601,2023-12-06,112.58,384.43,349219,832886161596.7,48.61,2.1,Energy
602,Stock_602,2024-01-15,149.95,326.99,925344,724910311494.31,20.1,3.12,Healthcare
603,Stock_603,2024-08-26,498.71,102.61,430119,639329164891.46,46.96,2.47,Consumer Goods
604,Stock_604,2024-01-24,478.04,266.48,240740,970656843417.22,9.44,1.99,Finance
605,Stock_605,2024-05-27,116.85,467.28,983536,202619088823.11,10.86,0.08,Healthcare
606,Stock_606,2024-06-12,340.74,237.54,616077,728719617623.98,36.13,1.79,Healthcare
607,Stock_607,2024-06-25,360.58,297.42,119941,274592345678.54,7.55,3.36,Healthcare
608,Stock_608,2024-07-06,271.14,118.4,810878,853580172467.06,9.49,3.19,Energy
609,Stock_609,2024-01-05,153.18,193.2,798774,825056047808.39,47.57,4.29,Consumer Goods
610,Stock_610,2024-11-02,143.66,426.55,73382,580225669683.0,45.58,3.29,Energy
611,Stock_611,2024-07-21,174.4,322.89,357595,159107063247.48,44.63,1.58,Technology
612,Stock_612,2024-09-13,220.87,130.61,758460,29084080702.47,39.0,1.75,Finance
613,Stock_613,2024-04-07,364.57,262.03,286933,874204265480.34,26.02,1.16,Energy
614,Stock_614,2024-06-01,399.5,451.15,923752,958612829858.72,7.9,4.35,Technology
615,Stock_615,2024-08-18,247.31,261.86,442635,457808570755.8,31.67,0.76,Technology
616,Stock_616,2024-10-23,455.65,214.73,477099,94812871999.14,13.61,2.21,Finance
617,Stock_617,2024-09-18,427.25,327.29,467196,937870935241.06,5.44,1.31,Healthcare
618,Stock_618,2024-10-28,371.56,417.77,31773,583941810109.89,30.81,4.45,Energy
619,Stock_619,2024-08-04,477.4,269.64,27616,551280227175.19,6.8,0.28,Energy
620,Stock_620,2024-03-03,304.32,397.68,665781,292065014859.71,26.34,1.42,Consumer Goods
621,Stock_621,2024-09-16,484.56,363.73,809482,592445232658.61,26.49,1.76,Healthcare
622,Stock_622,2024-06-30,143.97,297.29,805423,104167959329.86,39.43,4.34,Consumer Goods
623,Stock_623,2024-02-20,453.03,330.45,189531,921185518977.17,28.14,1.28,Energy
624,Stock_624,2024-03-20,466.44,238.8,9824,888756578248.51,33.54,4.96,Energy
625,Stock_625,2024-07-05,300.98,267.02,776510,419910614079.95,46.32,4.09,Consumer Goods
626,Stock_626,2023-11-22,380.2,453.33,203646,447860086045.85,15.56,0.24,Finance
627,Stock_627,2024-04-11,307.67,447.0,626721,677311309904.8,21.45,1.48,Consumer Goods
628,Stock_628,2024-11-10,393.48,325.95,772133,921739233278.22,12.72,0.76,Finance
629,Stock_629,2024-10-22,452.23,131.43,571391,544074293327.05,48.66,1.07,Energy
630,Stock_630,2024-08-10,325.72,203.74,767335,234846148230.86,22.14,2.37,Technology
631,Stock_631,2024-07-26,174.27,400.47,53267,411949061257.49,11.07,3.08,Healthcare
632,Stock_632,2024-08-11,181.8,333.25,774613,203604980092.0,6.24,4.88,Finance
633,Stock_633,2024-10-10,477.33,490.02,313377,245511032119.15,33.0,4.95,Energy
634,Stock_634,2024-11-06,407.57,363.47,324700,98974542217.54,31.94,0.26,Consumer Goods
635,Stock_635,2024-10-25,325.14,162.3,156854,94443792653.65,44.78,1.4,Healthcare
636,Stock_636,2024-03-05,208.9,159.85,12293,885923292861.13,24.08,3.44,Energy
637,Stock_637,2024-01-08,127.7,453.12,964910,916257845516.99,23.95,1.08,Consumer Goods
638,Stock_638,2024-06-24,149.53,141.11,10432,936677446818.92,5.43,1.87,Finance
639,Stock_639,2024-07-23,292.89,243.5,978391,101818494313.51,17.17,0.37,Energy
640,Stock_640,2023-12-28,270.5,126.13,860833,796836794625.09,49.37,1.72,Technology
641,Stock_641,2024-02-19,225.28,153.82,220077,272343349344.37,10.41,1.48,Energy
642,Stock_642,2024-08-11,224.5,201.13,179137,697452231119.74,39.6,2.45,Consumer Goods
643,Stock_643,2024-07-21,359.69,116.88,225487,146322221357.25,42.44,0.07,Finance
644,Stock_644,2024-10-11,114.99,399.96,604707,39443727066.71,27.24,2.2,Technology
645,Stock_645,2024-06-08,374.91,330.1,39158,722523678956.07,46.15,4.66,Technology
646,Stock_646,2024-07-30,180.67,434.55,424932,112528357418.6,29.77,3.9,Technology
647,Stock_647,2024-11-16,407.03,134.08,876104,356471722801.03,30.86,4.88,Consumer Goods
648,Stock_648,2024-10-18,370.65,421.83,357519,931241586009.33,37.06,3.33,Technology
649,Stock_649,2024-04-14,366.76,438.85,778603,417128265528.24,24.35,0.52,Consumer Goods
650,Stock_650,2024-02-15,456.92,256.46,362732,4891544549.8,33.96,0.97,Technology
651,Stock_651,2024-04-17,373.34,262.95,890838,654830910235.27,20.71,4.83,Healthcare
652,Stock_652,2024-05-01,231.8,320.8,634162,680350038684.86,42.0,4.88,Technology
653,Stock_653,2024-01-21,179.12,427.59,456938,186266474188.9,45.85,1.12,Energy
654,Stock_654,2024-07-14,238.36,366.12,802016,245278475644.29,29.11,2.74,Healthcare
655,Stock_655,2024-09-27,439.9,396.4,312123,124095051114.4,45.61,4.65,Healthcare
656,Stock_656,2024-07-22,429.64,309.24,644216,288068580966.95,17.4,0.49,Finance
657,Stock_657,2024-04-29,325.21,194.64,560826,373921594407.97,34.23,3.01,Finance
658,Stock_658,2024-02-23,177.66,200.3,621689,817646422842.02,27.84,3.16,Finance
659,Stock_659,2023-11-18,386.28,201.59,893351,924940601159.06,47.21,2.3,Finance
660,Stock_660,2024-04-24,161.73,231.61,648538,61674068460.01,6.72,1.52,Consumer Goods
661,Stock_661,2024-08-22,133.14,483.75,210197,500113567530.19,14.01,3.5,Consumer Goods
662,Stock_662,2024-05-29,419.73,155.75,33977,633672763149.59,43.62,4.36,Technology
663,Stock_663,2024-08-30,379.46,469.44,475895,795527647229.91,30.19,3.33,Technology
664,Stock_664,2024-03-07,229.08,226.32,313291,270102047339.96,35.87,2.43,Healthcare
665,Stock_665,2024-05-05,181.93,482.52,61915,261823176311.36,45.71,1.25,Consumer Goods
666,Stock_666,2024-03-21,312.86,172.89,162394,390963607188.74,37.65,0.75,Finance
667,Stock_667,2024-07-04,381.89,180.36,727753,878034710286.93,16.74,4.62,Energy
668,Stock_668,2024-11-06,340.41,281.17,731854,388446268967.5,7.0,3.73,Finance
669,Stock_669,2024-05-12,100.42,274.47,140590,74854797013.55,42.32,0.61,Healthcare
670,Stock_670,2024-01-26,105.98,459.3,824404,362996040172.77,37.57,0.51,Finance
671,Stock_671,2024-09-26,456.25,155.71,626983,305393777540.02,29.37,3.93,Consumer Goods
672,Stock_672,2024-11-13,315.14,475.57,682815,218381285584.52,43.3,1.05,Consumer Goods
673,Stock_673,2024-02-16,367.98,298.77,229158,614294536817.82,45.7,1.31,Technology
674,Stock_674,2024-05-29,463.59,302.94,969030,629493490154.92,12.13,3.4,Consumer Goods
675,Stock_675,2024-03-20,344.06,421.52,717649,519026074044.33,7.89,2.0,Consumer Goods
676,Stock_676,2024-08-27,163.89,367.07,607447,856109441891.72,32.83,3.86,Finance
677,Stock_677,2024-09-17,119.14,459.3,209551,832535804326.65,10.66,1.76,Finance
678,Stock_678,2024-10-06,125.14,394.21,761601,988761931001.33,23.56,4.26,Finance
679,Stock_679,2024-03-14,461.35,268.15,168929,247921739390.04,34.12,0.44,Consumer Goods
680,Stock_680,2024-05-07,426.69,419.76,941992,920502400347.2,10.74,1.16,Energy
681,Stock_681,2024-02-06,495.86,127.02,4376,584936297118.7,6.6,1.08,Healthcare
682,Stock_682,2024-06-21,227.5,468.66,214962,989422352072.37,15.36,2.49,Technology
683,Stock_683,2024-06-05,303.09,324.43,188192,777854525400.66,29.78,4.2,Healthcare
684,Stock_684,2024-02-18,247.02,211.41,8525,445528857173.95,13.07,0.15,Healthcare
685,Stock_685,2023-12-31,254.93,159.24,57059,335778843331.75,6.9,3.51,Technology
686,Stock_686,2024-03-19,203.39,149.84,655745,134550983834.36,24.16,1.04,Technology
687,Stock_687,2024-01-28,264.77,343.31,391106,857391820476.42,8.07,1.27,Energy
688,Stock_688,2023-11-24,198.53,457.06,62983,228547329475.22,15.32,0.3,Technology
689,Stock_689,2023-12-14,378.12,347.49,961130,805002997057.87,38.91,4.31,Finance
690,Stock_690,2024-03-30,411.13,373.7,792576,880969342528.6,38.15,4.88,Technology
691,Stock_691,2024-05-04,190.08,346.63,105149,625286772737.11,32.34,0.79,Consumer Goods
692,Stock_692,2024-05-01,453.66,189.11,777217,810519491946.0,21.51,0.27,Technology
693,Stock_693,2024-01-10,238.77,141.72,307515,277668383209.7,14.41,0.8,Finance
694,Stock_694,2024-05-05,320.86,230.39,511257,644115310860.72,13.82,4.19,Consumer Goods
695,Stock_695,2024-07-13,135.9,377.18,380927,709052494555.86,11.86,0.69,Technology
696,Stock_696,2024-11-06,426.22,444.27,589745,677797020411.6,20.88,3.64,Technology
697,Stock_697,2024-03-24,469.11,219.2,760954,914615193088.35,15.72,0.17,Technology
698,Stock_698,2024-01-06,249.7,192.3,605132,73447046019.64,12.37,1.98,Energy
699,Stock_699,2024-10-12,455.46,423.6,890754,842007748103.81,7.14,2.62,Finance
700,Stock_700,2024-05-06,459.12,463.05,87381,134192190591.44,31.43,1.48,Finance
701,Stock_701,2024-05-03,284.2,237.88,713258,102784151314.7,17.28,0.84,Technology
702,Stock_702,2024-06-10,261.24,244.84,363565,642127523329.21,13.02,2.69,Energy
703,Stock_703,2024-06-03,362.73,382.2,344560,644849059739.69,8.63,3.62,Healthcare
704,Stock_704,2024-08-31,389.45,401.66,490755,626065126502.93,42.06,0.75,Energy
705,Stock_705,2024-01-17,215.44,217.23,294922,434777291160.6,28.78,1.75,Energy
706,Stock_706,2024-08-27,334.65,283.13,596363,959352579524.72,42.9,0.09,Finance
707,Stock_707,2024-05-09,403.52,300.34,171605,918734860518.59,44.59,4.17,Consumer Goods
708,Stock_708,2024-07-23,180.09,373.19,223142,520469683460.75,12.07,0.06,Technology
709,Stock_709,2024-04-27,120.04,414.83,259682,611451205027.53,36.07,4.0,Healthcare
710,Stock_710,2024-08-18,259.51,135.53,933038,680876049955.45,16.27,0.46,Technology
711,Stock_711,2024-01-20,133.27,306.13,295851,798847079888.94,33.21,2.99,Energy
712,Stock_712,2024-01-09,375.79,361.04,333008,261640482471.43,48.85,2.34,Finance
713,Stock_713,2024-07-04,317.14,211.18,823757,876389792285.39,5.57,3.46,Technology
714,Stock_714,2024-10-15,165.23,128.09,861528,127418915684.72,20.72,1.04,Consumer Goods
715,Stock_715,2024-07-31,317.9,158.45,623842,375640466975.23,25.64,2.7,Technology
716,Stock_716,2024-07-30,383.1,429.48,331508,391126361926.41,35.48,2.91,Technology
717,Stock_717,2024-06-25,172.58,463.68,264842,330192493816.26,49.63,3.67,Energy
718,Stock_718,2024-08-23,274.09,444.5,632840,725937460797.73,7.7,1.46,Energy
719,Stock_719,2024-05-15,466.14,316.67,470742,398540453406.32,27.38,2.44,Energy
720,Stock_720,2024-05-11,215.91,297.7,393677,955900178236.85,37.65,1.93,Consumer Goods
721,Stock_721,2024-09-12,493.08,401.73,303304,17848125007.75,41.09,2.13,Consumer Goods
722,Stock_722,2024-10-07,129.45,296.48,489175,204601731721.95,41.16,3.51,Consumer Goods
723,Stock_723,2023-12-05,170.19,167.19,124391,760113923271.37,40.03,1.17,Energy
724,Stock_724,2024-10-11,497.74,141.78,749888,840904287141.01,7.98,4.48,Finance
725,Stock_725,2024-10-11,110.25,358.23,72122,336543117268.32,47.01,1.41,Finance
726,Stock_726,2024-11-04,440.99,183.47,824276,447186359513.54,43.84,3.83,Energy
727,Stock_727,2024-02-18,240.79,304.44,361157,221979688352.18,18.48,3.72,Finance
728,Stock_728,2024-09-07,199.35,169.81,451104,277520811502.07,24.3,4.76,Finance
729,Stock_729,2024-10-29,106.34,165.35,178457,413695006223.4,49.85,4.89,Technology
730,Stock_730,2024-01-05,405.52,225.74,624962,657437963744.98,10.97,4.9,Healthcare
731,Stock_731,2024-06-26,423.07,415.59,627456,760295972413.05,7.91,0.12,Technology
732,Stock_732,2024-07-20,107.12,357.03,455938,129828768316.27,29.69,3.46,Energy
733,Stock_733,2024-08-15,212.11,395.32,42646,65962304714.32,40.98,1.09,Energy
734,Stock_734,2024-10-25,470.1,116.72,28406,455936269720.4,47.56,3.01,Consumer Goods
735,Stock_735,2024-07-05,119.04,155.26,216599,893496535857.94,39.75,4.7,Healthcare
736,Stock_736,2024-05-25,170.12,135.92,551409,688465187372.18,44.77,3.91,Finance
737,Stock_737,2024-02-12,453.02,414.42,747116,659715969565.97,8.89,3.99,Finance
738,Stock_738,2024-06-21,388.72,175.76,699362,303280776272.6,29.46,2.09,Finance
739,Stock_739,2024-01-28,118.51,475.96,980419,341047757601.68,43.78,3.16,Technology
740,Stock_740,2024-07-02,398.32,370.65,287282,332803085880.62,49.15,4.88,Consumer Goods
741,Stock_741,2024-07-06,375.47,343.3,148207,223685950863.33,42.46,1.49,Consumer Goods
742,Stock_742,2024-08-07,372.36,276.72,11230,741954489558.96,46.23,3.02,Healthcare
743,Stock_743,2024-02-06,323.35,307.95,20666,514012147558.95,43.78,1.89,Consumer Goods
744,Stock_744,2024-01-21,400.0,190.16,198282,524697975589.41,27.0,1.37,Technology
745,Stock_745,2024-09-18,497.23,260.46,798723,729723947093.23,48.37,3.12,Finance
746,Stock_746,2023-12-17,492.07,165.96,432992,735875843090.79,13.86,2.46,Healthcare
747,Stock_747,2024-07-04,146.22,428.8,366061,330980114175.31,41.34,0.22,Healthcare
748,Stock_748,2024-11-10,265.22,382.23,841427,414050575525.87,17.14,3.77,Healthcare
749,Stock_749,2024-02-05,134.43,448.96,443172,774802463409.29,35.06,2.74,Energy
750,Stock_750,2024-08-12,457.88,181.96,140010,223811365660.27,13.6,3.45,Finance
751,Stock_751,2024-01-26,186.67,168.22,459168,225358689481.08,33.62,3.99,Finance
752,Stock_752,2024-06-19,203.43,429.3,18699,455244718780.6,31.35,4.25,Energy
753,Stock_753,2024-07-05,357.35,498.9,916613,444097584412.43,27.4,1.65,Energy
754,Stock_754,2024-10-01,132.77,412.64,855793,449393322118.43,49.36,0.57,Technology
755,Stock_755,2024-06-12,388.98,139.26,620110,894814005415.49,45.7,1.62,Healthcare
756,Stock_756,2024-08-11,199.97,382.02,933627,694241189696.8,36.35,4.31,Technology
757,Stock_757,2023-12-01,446.77,396.99,539557,463464888970.66,44.58,4.17,Technology
758,Stock_758,2024-09-13,267.54,285.03,552259,901168122387.29,19.15,4.06,Healthcare
759,Stock_759,2024-03-08,153.1,402.59,282337,575641396172.21,5.33,1.97,Healthcare
760,Stock_760,2024-08-01,143.28,497.42,100705,227447867846.57,6.81,3.63,Healthcare
761,Stock_761,2024-04-25,496.04,256.29,91774,75838317488.99,34.68,1.28,Healthcare
762,Stock_762,2024-06-09,198.06,145.72,771864,589376285030.88,31.11,0.09,Finance
763,Stock_763,2024-10-06,279.68,498.22,411733,205221469276.77,19.48,1.24,Energy
764,Stock_764,2024-09-30,387.24,228.09,169558,898303331503.97,45.23,4.95,Finance
765,Stock_765,2024-02-13,331.58,450.01,686023,236348802080.79,8.89,2.43,Healthcare
766,Stock_766,2024-03-24,101.3,170.38,200818,449109410004.22,43.46,2.0,Healthcare
767,Stock_767,2024-05-20,123.61,140.05,699486,310553756046.33,21.06,1.17,Technology
768,Stock_768,2024-01-27,416.31,366.61,444723,293852941671.99,11.12,0.3,Energy
769,Stock_769,2024-02-18,467.66,196.21,314807,610394294273.08,32.73,2.53,Finance
770,Stock_770,2023-11-23,339.4,467.7,757082,267828141939.34,32.94,1.49,Energy
771,Stock_771,2024-07-26,466.84,181.93,952438,285779428075.05,30.48,0.74,Energy
772,Stock_772,2024-08-23,484.55,464.11,528457,62180167356.28,30.28,0.76,Energy
773,Stock_773,2024-03-03,222.41,109.2,952064,369331930759.49,5.11,0.18,Finance
774,Stock_774,2024-10-19,472.08,168.71,60014,601838069456.73,18.46,3.68,Consumer Goods
775,Stock_775,2024-08-10,273.88,357.69,759246,295975774660.2,33.41,1.77,Consumer Goods
776,Stock_776,2024-03-09,364.17,116.91,476506,130780833761.94,33.63,2.0,Healthcare
777,Stock_777,2024-10-08,170.08,421.56,375723,154446003196.2,44.32,3.4,Consumer Goods
778,Stock_778,2024-04-27,481.97,325.19,801225,287890777423.76,44.19,0.6,Healthcare
779,Stock_779,2024-01-12,424.71,445.09,648290,686801553641.4,5.8,3.99,Energy
780,Stock_780,2024-03-20,183.2,406.39,681936,915309498753.37,27.9,0.69,Healthcare
781,Stock_781,2024-10-28,102.34,107.09,580647,599617172099.35,37.52,3.61,Technology
782,Stock_782,2023-12-23,306.48,298.06,598734,163846180683.38,40.01,0.69,Healthcare
783,Stock_783,2024-04-15,100.84,307.76,465798,246611397741.58,30.28,0.35,Technology
784,Stock_784,2024-06-25,213.55,251.02,977213,659644865958.8,24.9,2.31,Energy
785,Stock_785,2024-05-14,233.94,407.35,771465,573291056420.11,8.2,1.71,Finance
786,Stock_786,2024-04-27,449.47,200.17,853505,393863789596.03,31.84,2.24,Technology
787,Stock_787,2024-05-14,495.02,295.83,342680,199252949283.69,8.41,1.36,Consumer Goods
788,Stock_788,2024-05-26,293.21,469.96,841086,744481217726.91,46.3,0.81,Consumer Goods
789,Stock_789,2024-02-18,352.7,133.57,929529,489781067902.49,38.06,2.61,Finance
790,Stock_790,2024-02-18,184.67,351.02,804555,809972131540.51,44.41,2.6,Technology
791,Stock_791,2024-10-09,327.89,169.78,499876,651776365389.16,45.47,3.18,Healthcare
792,Stock_792,2024-04-03,452.89,412.04,724532,871621500886.03,45.57,0.06,Consumer Goods
793,Stock_793,2023-12-08,227.01,121.78,302254,440330903608.1,22.84,1.88,Healthcare
794,Stock_794,2024-07-22,424.34,269.78,278215,325217264095.36,7.38,1.16,Finance
795,Stock_795,2024-03-08,462.21,449.74,245033,14613356912.46,47.27,4.5,Consumer Goods
796,Stock_796,2024-03-19,115.45,334.18,473763,385800092700.05,45.44,0.0,Finance
797,Stock_797,2024-05-13,310.9,194.68,961755,400937357262.74,25.55,2.35,Technology
798,Stock_798,2024-09-02,100.66,143.98,276774,317497804544.07,45.86,2.65,Technology
799,Stock_799,2023-12-19,318.89,172.15,291599,233993699028.47,44.51,1.79,Consumer Goods
800,Stock_800,2023-11-26,181.05,227.37,975625,576777484849.05,47.02,4.88,Consumer Goods
801,Stock_801,2024-02-03,393.89,304.42,201015,558487411071.34,21.1,1.46,Finance
802,Stock_802,2024-03-30,315.85,106.32,28180,433420932796.9,13.81,3.11,Technology
803,Stock_803,2024-01-07,171.74,391.49,236497,97787437462.09,45.94,1.75,Finance
804,Stock_804,2024-10-25,146.71,208.99,491340,314389950737.1,23.83,4.51,Finance
805,Stock_805,2024-04-25,213.1,332.02,651142,396086178854.31,12.42,4.93,Consumer Goods
806,Stock_806,2024-10-02,473.84,477.27,808966,486273207302.61,40.96,4.11,Consumer Goods
807,Stock_807,2024-08-11,368.55,457.81,759080,715024070772.57,11.47,4.53,Healthcare
808,Stock_808,2024-07-14,157.19,379.82,810431,231209174887.3,9.08,3.08,Healthcare
809,Stock_809,2024-05-06,344.22,213.84,182193,865080380301.11,9.06,4.52,Consumer Goods
810,Stock_810,2024-10-14,287.52,252.0,843696,73631902345.65,34.47,3.75,Technology
811,Stock_811,2024-03-05,362.99,223.33,518481,417164818948.1,10.37,4.43,Finance
812,Stock_812,2024-06-12,349.36,304.25,812029,446951154498.8,42.38,2.9,Energy
813,Stock_813,2024-11-04,433.35,317.63,546594,122413993104.95,31.41,0.03,Technology
814,Stock_814,2024-02-28,194.03,255.26,738207,498334188449.72,29.07,3.0,Energy
815,Stock_815,2024-09-15,119.91,271.57,830316,403614830992.59,29.18,2.38,Technology
816,Stock_816,2024-09-26,215.21,338.15,97985,796572264902.12,21.0,0.54,Technology
817,Stock_817,2023-11-26,375.86,457.35,339624,832661545924.51,49.21,4.92,Energy
818,Stock_818,2024-07-26,314.5,161.91,497999,843598015890.4,30.82,4.3,Technology
819,Stock_819,2023-12-26,413.14,126.27,108430,28042319270.55,9.6,3.0,Healthcare
820,Stock_820,2024-06-14,259.56,175.29,442972,221492099223.61,6.26,4.87,Energy
821,Stock_821,2024-07-15,215.65,440.24,434927,421973154399.19,48.52,5.0,Healthcare
822,Stock_822,2024-10-16,329.94,378.03,829069,640902407579.14,44.05,4.95,Consumer Goods
823,Stock_823,2024-03-11,431.68,253.38,901820,157726508406.27,49.47,3.11,Consumer Goods
824,Stock_824,2024-02-07,322.09,408.23,762267,343038596337.08,42.21,3.08,Healthcare
825,Stock_825,2024-02-26,113.85,443.16,247722,235897061573.23,27.7,0.06,Energy
826,Stock_826,2024-04-05,247.26,484.3,61086,417903218946.75,33.07,1.16,Consumer Goods
827,Stock_827,2024-07-31,269.15,119.27,21687,30930180578.48,30.4,1.6,Consumer Goods
828,Stock_828,2024-10-19,265.31,143.06,57359,127666572573.47,45.27,0.76,Technology
829,Stock_829,2024-10-28,233.26,281.99,642271,204113594725.27,20.38,0.62,Healthcare
830,Stock_830,2024-02-25,211.81,258.82,352198,89744593758.05,24.42,4.46,Energy
831,Stock_831,2024-03-24,415.23,114.92,203030,67682115423.17,12.28,0.54,Healthcare
832,Stock_832,2024-04-22,402.66,335.17,801780,476892383230.29,28.0,4.64,Energy
833,Stock_833,2023-12-11,248.4,474.29,497506,56919384957.71,39.01,1.17,Healthcare
834,Stock_834,2024-03-29,291.6,259.03,468869,705684767169.19,40.78,2.01,Healthcare
835,Stock_835,2024-01-23,115.25,391.62,566875,131886820263.5,8.34,4.02,Finance
836,Stock_836,2024-09-14,211.29,344.1,638715,354199601196.53,36.44,2.35,Consumer Goods
837,Stock_837,2023-12-31,145.68,253.12,517349,943782765775.17,14.52,3.35,Healthcare
838,Stock_838,2024-08-09,260.03,326.59,604003,541083408723.78,9.7,0.76,Healthcare
839,Stock_839,2024-08-22,339.53,249.19,233558,692237630130.89,24.01,3.73,Healthcare
840,Stock_840,2023-11-21,155.98,178.28,249085,383197172212.72,34.01,1.06,Energy
841,Stock_841,2023-12-25,358.57,109.7,888591,211438277591.57,27.39,3.15,Energy
842,Stock_842,2024-11-16,475.27,183.1,642213,551795699523.31,30.83,3.24,Technology
843,Stock_843,2024-04-09,434.65,487.94,40712,434350553707.66,31.9,1.3,Consumer Goods
844,Stock_844,2024-09-13,226.53,258.93,804881,208543270616.23,26.99,1.55,Energy
845,Stock_845,2024-01-19,177.45,125.37,714063,943082995201.54,42.68,3.32,Healthcare
846,Stock_846,2024-08-20,182.26,486.81,365611,975846911778.11,26.85,2.27,Healthcare
847,Stock_847,2024-11-01,369.49,427.99,91865,478047733891.33,27.53,0.7,Technology
848,Stock_848,2024-06-21,145.0,253.44,895197,602698920585.28,48.83,2.62,Consumer Goods
849,Stock_849,2024-10-25,345.53,157.24,101560,704347364776.43,38.71,2.45,Finance
850,Stock_850,2024-10-17,401.96,331.82,765882,712823494182.99,25.17,4.02,Energy
851,Stock_851,2023-12-13,249.17,409.84,407184,438600175017.5,8.83,3.2,Technology
852,Stock_852,2023-12-18,103.71,268.05,97567,656815415395.54,36.11,0.08,Finance
853,Stock_853,2024-01-23,262.01,434.66,255528,524908412666.41,9.99,0.26,Healthcare
854,Stock_854,2024-03-03,352.16,451.65,238394,759617779951.62,42.35,3.71,Technology
855,Stock_855,2024-06-19,142.69,176.22,128767,979780707403.6,47.01,0.06,Consumer Goods
856,Stock_856,2024-04-14,377.07,255.51,291577,504842334610.37,29.1,4.65,Finance
857,Stock_857,2024-04-22,274.34,375.13,860529,123066347917.34,42.72,2.63,Energy
858,Stock_858,2024-04-17,141.01,360.37,94290,498623468204.93,43.69,3.17,Finance
859,Stock_859,2023-11-28,272.34,371.49,883056,157255768517.29,36.06,3.91,Energy
860,Stock_860,2024-02-06,413.69,284.28,296591,826738794037.01,12.26,1.94,Finance
861,Stock_861,2024-04-21,373.69,438.89,15330,991943970191.53,43.8,0.49,Finance
862,Stock_862,2024-08-27,342.05,241.3,273654,166629201382.42,28.85,3.7,Finance
863,Stock_863,2023-12-29,319.55,285.89,154010,306882591331.99,47.53,2.34,Technology
864,Stock_864,2024-01-20,107.22,294.97,198545,358001303101.73,28.9,2.55,Consumer Goods
865,Stock_865,2024-05-26,333.06,406.98,975411,204936830770.31,12.59,0.6,Finance
866,Stock_866,2024-05-29,468.96,269.61,795769,199292013859.53,13.63,3.88,Finance
867,Stock_867,2023-11-27,150.28,442.94,318874,532751845204.53,27.04,2.7,Finance
868,Stock_868,2024-08-06,279.44,464.54,831673,589179956510.56,21.88,4.4,Technology
869,Stock_869,2024-02-13,148.47,181.84,649905,364478202869.11,20.33,4.66,Finance
870,Stock_870,2024-08-25,491.34,290.09,773317,345180480806.66,32.57,3.88,Consumer Goods
871,Stock_871,2023-12-26,127.01,422.19,494140,606821120206.7,49.36,1.29,Healthcare
872,Stock_872,2023-12-10,477.82,284.84,248782,459442211323.31,16.13,4.27,Healthcare
873,Stock_873,2024-01-21,187.88,206.51,88691,536629760780.02,21.44,3.82,Energy
874,Stock_874,2024-09-19,427.77,394.25,883072,639829640500.7,8.99,1.25,Technology
875,Stock_875,2024-03-19,207.59,233.32,988568,808772549214.73,42.13,1.41,Consumer Goods
876,Stock_876,2024-05-24,413.6,144.86,748974,512281355462.42,36.06,3.04,Technology
877,Stock_877,2024-03-15,208.17,373.46,679388,612016924582.39,29.89,2.24,Finance
878,Stock_878,2024-04-12,386.75,370.72,942529,438711387556.35,20.41,0.9,Finance
879,Stock_879,2023-12-08,180.28,473.15,225865,716339353624.98,16.76,3.1,Healthcare
880,Stock_880,2024-03-07,248.99,127.23,473342,718168660161.74,44.99,1.5,Finance
881,Stock_881,2024-04-26,483.58,227.7,831113,654564163856.23,7.39,1.91,Finance
882,Stock_882,2024-09-27,174.88,430.81,767995,91572227948.09,24.36,0.75,Healthcare
883,Stock_883,2024-06-09,133.74,378.01,157975,660203561103.18,20.46,0.55,Finance
884,Stock_884,2023-11-26,272.37,143.95,235624,548153681423.49,43.05,3.6,Healthcare
885,Stock_885,2024-02-22,336.72,121.7,799197,842399184395.42,8.4,1.33,Technology
886,Stock_886,2023-12-27,379.06,112.99,495327,99382067924.48,45.68,0.23,Consumer Goods
887,Stock_887,2024-06-06,192.27,441.53,468250,906656309936.56,9.33,0.61,Technology
888,Stock_888,2024-02-08,401.82,388.22,324257,882644786081.59,39.85,4.38,Consumer Goods
889,Stock_889,2024-06-22,465.83,498.86,732944,256482270438.91,14.56,2.84,Healthcare
890,Stock_890,2024-02-20,391.83,246.45,851999,158825132017.04,45.04,1.58,Finance
891,Stock_891,2024-08-20,398.24,260.76,886863,20589361006.55,18.38,2.22,Finance
892,Stock_892,2023-12-15,241.23,496.81,574034,227343930445.17,17.02,0.79,Energy
893,Stock_893,2024-07-18,244.34,408.56,902296,431259098826.32,25.39,2.0,Consumer Goods
894,Stock_894,2024-04-23,333.01,301.5,72632,109213051912.27,36.84,2.9,Finance
895,Stock_895,2024-06-10,150.52,218.06,128954,861934124717.93,20.41,0.48,Technology
896,Stock_896,2024-05-20,270.83,171.62,576046,789027496552.79,18.87,1.74,Healthcare
897,Stock_897,2024-03-21,302.25,142.8,67675,215842414612.79,21.82,3.18,Consumer Goods
898,Stock_898,2024-11-12,136.2,437.82,894001,667847643361.71,21.53,2.53,Healthcare
899,Stock_899,2024-04-19,454.4,239.2,342764,881569399058.62,15.17,1.93,Healthcare
900,Stock_900,2024-08-05,334.62,372.21,431008,847299404644.79,8.93,1.29,Energy
901,Stock_901,2024-09-10,441.83,114.87,397067,401484182271.33,7.26,2.29,Finance
902,Stock_902,2024-09-23,387.87,403.31,817161,638490635274.1,17.39,3.86,Healthcare
903,Stock_903,2024-05-12,226.54,141.82,448684,290154671137.5,10.96,4.29,Healthcare
904,Stock_904,2023-11-20,116.99,113.41,531115,568544743134.11,19.93,2.13,Healthcare
905,Stock_905,2024-06-30,231.55,149.41,656638,819404198359.05,49.6,4.44,Finance
906,Stock_906,2024-07-20,431.81,235.03,883078,385361221075.75,26.26,3.7,Healthcare
907,Stock_907,2024-11-06,407.87,113.16,985381,710293053111.25,35.26,3.24,Finance
908,Stock_908,2024-04-13,222.44,370.32,915827,243880403405.34,13.22,0.87,Technology
909,Stock_909,2024-10-05,488.16,452.31,57018,587835602411.63,24.77,0.77,Healthcare
910,Stock_910,2023-12-07,354.06,407.75,857919,196375973825.81,37.93,0.07,Technology
911,Stock_911,2023-12-31,125.4,377.0,854819,945802969177.16,10.36,4.11,Healthcare
912,Stock_912,2024-11-07,172.42,287.87,744823,797149146494.64,37.99,0.55,Consumer Goods
913,Stock_913,2024-01-15,408.06,346.49,475623,722487516459.28,25.9,0.27,Technology
914,Stock_914,2023-12-23,493.32,236.2,502066,415817424867.72,16.77,0.43,Consumer Goods
915,Stock_915,2024-06-09,436.36,399.23,563888,940387772432.35,34.64,0.99,Technology
916,Stock_916,2024-03-15,137.0,363.79,653708,159548290580.12,14.34,3.74,Technology
917,Stock_917,2024-04-30,300.83,300.87,304871,988266838888.83,34.78,3.54,Healthcare
918,Stock_918,2024-02-06,143.17,108.05,511691,283662837303.74,41.77,1.7,Energy
919,Stock_919,2024-08-19,103.05,488.35,495682,508262398602.27,5.79,0.56,Technology
920,Stock_920,2024-09-05,479.56,272.51,255356,561022829444.94,42.85,2.48,Healthcare
921,Stock_921,2024-01-19,374.25,319.32,887397,169219996138.54,30.46,3.58,Energy
922,Stock_922,2024-10-19,106.03,457.37,486098,631492026254.17,40.0,2.86,Energy
923,Stock_923,2024-01-11,498.45,252.92,860531,562559115190.13,18.06,1.89,Energy
924,Stock_924,2024-05-17,245.18,223.15,616572,265605324019.17,29.4,1.51,Healthcare
925,Stock_925,2024-07-28,327.65,183.84,136316,311702587245.6,15.43,1.11,Finance
926,Stock_926,2024-03-08,414.31,425.42,907172,854718431254.84,20.84,4.54,Healthcare
927,Stock_927,2024-09-29,203.88,278.45,261938,76109866253.87,40.0,4.24,Healthcare
928,Stock_928,2024-02-06,346.43,178.5,879310,258806867356.34,25.1,2.22,Finance
929,Stock_929,2023-11-27,379.33,435.89,747261,532834245345.77,41.39,2.11,Finance
930,Stock_930,2024-10-03,415.03,308.67,243917,751561553569.95,21.24,3.55,Healthcare
931,Stock_931,2024-10-26,305.64,190.92,641398,726336217711.75,44.45,0.2,Technology
932,Stock_932,2024-10-21,267.97,204.56,36879,584911429871.06,26.54,4.35,Finance
933,Stock_933,2024-09-17,474.14,377.58,73054,816999970529.08,19.34,3.56,Healthcare
934,Stock_934,2024-01-06,412.08,400.34,885350,296910421888.66,20.69,4.32,Energy
935,Stock_935,2024-05-23,474.71,129.62,340702,49571417049.83,20.87,4.56,Technology
936,Stock_936,2024-11-11,376.34,405.79,689558,185823265645.18,5.06,3.56,Energy
937,Stock_937,2024-06-22,231.34,330.56,806304,66301952831.85,41.52,2.43,Technology
938,Stock_938,2024-06-10,427.12,119.83,108869,982487714698.76,48.23,4.32,Technology
939,Stock_939,2024-09-26,345.96,459.8,448106,872178216616.66,27.74,4.78,Healthcare
940,Stock_940,2024-03-18,205.75,168.61,173969,695629155364.95,17.53,3.81,Finance
941,Stock_941,2024-09-24,493.96,440.12,85991,944084274582.72,9.47,0.46,Healthcare
942,Stock_942,2023-12-05,148.36,385.59,103300,84380722365.9,36.92,4.32,Consumer Goods
943,Stock_943,2024-09-13,286.48,195.21,139528,155005028434.05,48.07,1.7,Finance
944,Stock_944,2024-08-29,245.07,378.45,526232,806419903340.65,22.9,3.31,Technology
945,Stock_945,2023-11-27,214.24,273.5,694229,586668120416.86,38.13,2.3,Energy
946,Stock_946,2024-07-01,209.87,362.29,765719,989953908359.54,24.2,1.79,Energy
947,Stock_947,2024-02-21,127.81,285.5,1808,302304780361.98,13.72,1.09,Technology
948,Stock_948,2024-08-26,253.02,164.96,350192,907648296408.8,36.32,0.51,Energy
949,Stock_949,2024-02-16,441.43,405.97,369204,924931581337.85,16.26,3.28,Energy
950,Stock_950,2024-03-25,460.6,349.72,903330,995101959222.85,47.07,4.1,Consumer Goods
951,Stock_951,2024-11-05,145.31,295.0,527716,973603551807.46,30.4,0.72,Technology
952,Stock_952,2024-03-01,129.29,191.63,952399,333682634316.17,46.14,4.14,Consumer Goods
953,Stock_953,2024-05-22,225.3,372.63,735853,963799536638.51,31.78,0.4,Consumer Goods
954,Stock_954,2024-03-16,347.13,309.12,702181,709822341472.96,12.36,1.49,Consumer Goods
955,Stock_955,2024-06-23,394.75,289.48,548992,359153539902.3,18.29,1.83,Consumer Goods
956,Stock_956,2024-11-02,494.38,264.62,453905,251150881749.33,30.51,3.82,Finance
957,Stock_957,2023-12-06,264.63,254.88,688352,246887303236.89,23.38,3.9,Finance
958,Stock_958,2023-12-22,390.57,231.09,262499,660607112446.82,41.58,1.46,Energy
959,Stock_959,2024-03-10,341.56,259.68,934907,175477798840.99,14.03,4.51,Technology
960,Stock_960,2024-02-05,193.42,177.38,345112,261623996983.29,41.02,2.31,Healthcare
961,Stock_961,2024-05-30,490.28,197.19,453575,798291352627.21,31.86,2.77,Energy
962,Stock_962,2024-08-20,186.0,443.86,365175,607703199775.04,13.64,1.02,Finance
963,Stock_963,2024-05-17,428.79,269.54,276177,15247731484.35,24.43,2.86,Consumer Goods
964,Stock_964,2024-05-13,458.04,478.41,747013,669093952425.86,20.19,1.24,Energy
965,Stock_965,2024-03-15,439.11,470.17,605876,601245293174.0,45.99,0.11,Consumer Goods
966,Stock_966,2024-02-20,268.76,184.24,389377,634427442706.08,23.97,1.23,Consumer Goods
967,Stock_967,2024-04-01,123.34,431.3,935543,734774914369.56,6.49,4.17,Energy
968,Stock_968,2024-01-08,258.53,440.02,89809,49253093045.14,37.15,3.65,Consumer Goods
969,Stock_969,2024-10-27,329.69,312.69,819089,332515814598.57,45.55,3.86,Healthcare
970,Stock_970,2024-08-25,223.34,147.4,787636,847292414400.45,39.4,1.1,Energy
971,Stock_971,2024-02-19,454.62,364.08,396370,487233977279.79,32.21,2.09,Healthcare
972,Stock_972,2024-04-29,185.48,139.5,948787,95584671957.58,18.11,0.36,Consumer Goods
973,Stock_973,2024-07-02,219.99,256.98,410367,102532571072.02,18.72,3.12,Energy
974,Stock_974,2024-07-19,352.89,210.5,444051,115163833540.8,42.62,3.08,Consumer Goods
975,Stock_975,2024-01-21,101.64,435.15,690587,182789096143.26,5.01,1.38,Technology
976,Stock_976,2024-05-22,480.1,455.08,136868,583461640366.5,27.79,0.96,Consumer Goods
977,Stock_977,2024-03-29,409.53,260.47,260060,773619838689.76,43.08,2.07,Energy
978,Stock_978,2024-05-07,281.6,265.92,790854,797984073789.1,40.43,2.12,Healthcare
979,Stock_979,2024-10-28,497.71,206.73,488233,257328413941.29,8.24,4.48,Finance
980,Stock_980,2024-08-19,167.13,447.78,457772,274555844565.96,38.04,3.55,Finance
981,Stock_981,2024-06-10,395.45,305.18,993478,618186831238.82,27.53,3.29,Energy
982,Stock_982,2024-08-25,152.06,440.71,97233,98820638052.31,30.99,2.68,Energy
983,Stock_983,2024-07-28,360.71,118.53,437608,212933752025.9,23.48,1.44,Healthcare
984,Stock_984,2024-04-12,422.83,247.62,69805,982211522993.66,7.36,1.43,Consumer Goods
985,Stock_985,2024-03-14,297.08,216.79,225035,177457262426.46,34.41,0.75,Finance
986,Stock_986,2024-04-23,341.89,455.45,152899,74584779164.36,6.91,3.09,Finance
987,Stock_987,2024-06-24,280.66,439.87,601403,541990337190.75,17.65,2.11,Healthcare
988,Stock_988,2024-02-10,293.08,167.34,600382,50090232114.92,30.68,4.77,Technology
989,Stock_989,2024-07-14,203.15,365.64,393966,491565907222.92,13.71,1.42,Technology
990,Stock_990,2024-10-20,225.44,208.5,384766,260213427655.85,12.9,1.18,Healthcare
991,Stock_991,2023-11-19,179.6,404.22,329775,761837314932.5,48.8,2.26,Consumer Goods
992,Stock_992,2024-09-09,343.77,273.57,109873,786383375245.86,45.96,4.79,Consumer Goods
993,Stock_993,2024-02-24,121.98,322.32,47620,55814535656.69,46.16,0.07,Energy
994,Stock_994,2024-01-29,429.7,100.84,436406,385229993167.7,15.63,1.12,Consumer Goods
995,Stock_995,2024-06-23,265.38,437.36,669587,725233554912.97,30.16,1.23,Energy
996,Stock_996,2024-11-07,,458.08,78212,495503533167.97,33.54,0.75,Consumer Goods
997,Stock_997,2024-01-05,332.24,151.44,795331,652393103740.16,49.27,0.87,Technology
998,Stock_998,2024-01-15,174.39,236.24,489014,45800016922.93,16.75,2.39,Technology
999,Stock_999,2024-01-23,235.27,223.29,618597,970886023921.6,31.24,2.09,Consumer Goods
1000,Stock_1000,2023-12-21,350.1,385.36,921650,656258406104.79,11.34,0.77,Finance
